phenotype_id	num_var	beta_shape1	beta_shape2	true_df	pval_true_df	variant_id	start_distance	end_distance	ma_samples	ma_count	af	pval_nominal	slope	slope_se	pval_perm	pval_beta	qval
chr19_7004499	6701	1.180964	3628.6375	446.14456	1.1871364e-207	chr19:7004521:G:A	21	21	318	433	0.52101767	2.315937e-198	4.5512843	0.081371166	0.0099009901	6.233533899999999e-241	1.6152698950119928e-233
chr19_12766132	4655	0.90158051	1436.8484	456.18445	2.0379403e-261	chr19:12766150:G:C	17	17	161	190	0.21017699	3.018666e-244	5.9389391	0.080741532	0.0099009901	6.7541895e-233	8.750926151661825e-226
chr19_12766128	4655	1.1538386	535.42664	354.90744	5.2328904e-201	chr19:12766150:G:C	21	21	161	190	0.21017699	6.7911264e-241	6.0160184	0.083405823	0.0099009901	1.0588621999999999e-228	9.145952959503799e-222
chr19_12766130	4655	1.1702119	303.38953	323.88263	2.7017600000000002e-192	chr19:12766150:G:C	19	19	161	190	0.21017699	2.4801547e-252	6.0454216	0.078417383	0.0099009901	4.9415403e-222	3.201202323443902e-215
chr3_108406675	4606	0.91239667	1558.5835	490.87021	1.4394246999999998e-245	chr3:108406767:C:T	91	91	158	179	0.19800885	2.2797656e-213	5.2222524	0.085230492	0.0099009901	3.4289889999999997e-221	1.77707951569086e-214
chr2_29189302	5041	1.0498786	1730.9413	426.82962	5.2908725e-213	chr2:29189257:A:G	-46	-46	319	450	0.49778762	1.3609477e-212	-4.7480469	0.07785397	0.0099009901	3.355664e-220	1.4492322557128e-213
chr19_7004645	6701	0.98334301	2053.4937	421.4921	3.5084228e-218	chr19:7004521:G:A	-125	-125	318	433	0.52101767	1.7059508999999999e-220	4.9518991	0.077440284	0.0099009901	2.676653e-211	9.908429104473e-205
chr19_7004647	6701	1.0350587	2364.6162	429.3634	2.6740747e-206	chr19:7004521:G:A	-127	-127	318	433	0.52101767	1.0674315000000001e-204	4.6671782	0.080273665	0.0099009901	5.075586e-210	1.644019547512275e-203
chr3_108406837	4606	1.0245985	901.87189	440.47177	5.6383037000000005e-207	chr3:108406767:C:T	-71	-71	158	179	0.19800885	3.0828934e-200	5.4095721	0.095610395	0.0099009901	5.0231351e-209	1.4462491699055967e-202
chr14_26662915	4589	1.0885587	1048.7968	430.13443	4.1631220999999996e-194	chr14:26662918:T:C	2	2	292	403	0.55420351	2.9306346999999996e-192	4.1504397	0.077050507	0.0099009901	5.818041800000001e-208	1.507605143121366e-201
chr4_182809299	6148	1.1729022	1872.0413	403.18097	3.0295453000000003e-180	chr4:182808049:A:G	-1251	-1251	113	120	0.13274336	2.4362562e-190	5.6891766	0.10688213	0.0099009901	1.7560868e-207	4.1367956349592366e-201
chr19_12766126	4655	1.1802452	303.01822	320.61911	6.2979426000000004e-176	chr19:12766150:G:C	23	23	161	190	0.21017699	3.8976676e-233	5.70929	0.082839966	0.0099009901	1.2927499e-204	2.7915411877492752e-198
chr15_51620759	4663	1.1135716	437.6084	397.56964	6.867739099999999e-185	chr15:51612262:C:T	-8498	-8498	289	369	0.40818584	5.626746e-198	4.5984468	0.082409248	0.0099009901	6.9115067e-203	1.377653989729484e-196
chr19_7004362	6701	1.3458996	733.91327	335.09119	9.7085184e-153	chr19:7004521:G:A	158	158	318	433	0.52101767	1.1377327e-193	4.5630503	0.083973818	0.0099009901	1.5268737e-201	2.826089113518707e-195
chr19_12766233	4655	1.1309478	493.17896	353.87943	6.894177000000001e-181	chr19:12766150:G:C	-84	-84	161	190	0.21017699	2.2732887e-217	5.7545457	0.09168911	0.0099009901	1.8452379e-201	3.18765917462982e-195
chr2_237906153	6219	1.1114501	979.27216	382.20987	1.3134051e-181	chr2:237906181:A:C	27	27	307	426	0.52876109	3.3674396999999996e-202	-4.7351322	0.082692392	0.0099009901	1.8248365e-198	2.955389660439094e-192
chr6_36429133	4493	0.93767524	1001.1075	428.47311	3.1990607999999996e-211	chr6:36427891:G:A	-1243	-1243	324	446	0.49336284	5.1667954e-210	-4.6321845	0.077145226	0.0099009901	2.8081937000000002e-195	4.280444915535406e-189
chr14_56211768	5688	1.1561364	906.92542	382.10178	1.0123768e-170	chr14:56209195:T:C	-2574	-2574	278	355	0.39269912	4.0539615000000003e-190	-3.8145678	0.071762592	0.0099009901	7.0860948e-194	1.0201058221958198e-187
chr19_12766121	4655	1.1189618	774.2243	389.57288	5.9034089e-176	chr19:12766150:G:C	28	28	161	190	0.21017699	3.1220874999999995e-192	5.3404884	0.099159963	0.0099009901	1.3625446e-193	1.8582660783621156e-187
chr5_151239438	5551	0.99129856	714.62024	384.33148	5.2922476e-197	chr5:151239432:C:T	-7	-7	126	136	0.15044248	3.7136564e-218	5.8996577	0.093559556	0.0099009901	1.8295704e-192	2.3704451081312398e-186
chr22_23930668	6137	0.82292145	8732.0654	562.71332	4.8043618999999996e-237	chr22:23924767:A:C	-5902	-5902	329	446	0.50663716	6.408323500000001e-180	4.5675807	0.09160506	0.0099009901	6.3054964e-192	7.7805582877708e-186
chr19_7004685	6701	1.0215609	2405.6719	422.06686	1.383122e-190	chr19:7004521:G:A	-165	-165	318	433	0.52101767	2.4125642e-192	3.7882247	0.070289396	0.0099009901	3.1437096e-191	3.702802205124328e-185
chr2_237906117	6219	0.97086298	2387.7305	450.02368	4.6819009e-200	chr2:237906181:A:C	63	63	307	426	0.52876109	1.7730317e-189	-4.1449065	0.078288667	0.0099009901	5.7953451e-191	6.52923409125103e-185
chr4_176251336	5533	1.0135421	1595.4371	448.51743	2.5143300000000002e-191	chr4:176254720:T:C	3383	3383	276	355	0.60730088	8.1404392e-182	-3.5991993	0.071324162	0.0099009901	1.1562392000000002e-190	1.2483812026171e-184
chr2_68196324	5636	1.2382923	317.43991	309.17505	1.6338209e-156	chr2:68197917:T:G	1592	1592	187	202	0.22345133	5.9864178e-215	5.7945571	0.09367653	0.0099009901	1.3710579e-190	1.421106284631492e-184
chr19_12766171	4655	1.1091064	339.17331	332.58572	7.3964248e-174	chr19:12766150:G:C	-22	-22	161	190	0.21017699	3.6601614e-222	5.9944105	0.092815831	0.0099009901	5.8109949e-190	5.789602958671034e-184
chr21_45556275	6436	0.99454629	3289.5447	477.36008	1.6778613e-194	chr21:45556197:C:T	-79	-79	288	368	0.40707964	8.8581087e-174	3.7533488	0.078275971	0.0099009901	6.032561700000001e-190	5.789602958671034e-184
chr3_167497987	4317	1.1695597	688.82007	403.60358	2.0404309000000003e-164	chr3:167497990:T:C	2	2	321	424	0.53097343	1.9515169e-173	2.9806995	0.062299144	0.0099009901	6.899352900000001e-189	6.385002938034011e-183
chr17_6655036	6200	1.0398183	1761.3698	405.76147	8.6756557e-185	chr17:6654176:T:C	-861	-861	277	352	0.61061949	6.5411356e-194	4.4195495	0.0812122	0.0099009901	9.4808898e-189	8.471530406203883e-183
chr15_58828629	5300	1.1095587	1838.3673	426.71094	2.1616983e-173	chr15:58820271:A:G	-8359	-8359	256	321	0.3550885	4.1739052e-173	4.029922	0.08440724	0.0099009901	1.0427065e-188	9.0064076322385e-183
chr3_108406828	4606	1.0561856	1034.0034	446.45419	5.9064631e-180	chr3:108406767:C:T	-62	-62	158	179	0.19800885	8.4983192e-172	4.5310006	0.095703289	0.0099009901	7.4888494e-187	6.259853600238639e-181
chr15_58828750	5300	1.1140453	1946.2186	433.15146	6.8302679e-171	chr15:58820271:A:G	-8480	-8480	256	321	0.3550885	4.2149591000000003e-168	4.4733706	0.096766777	0.0099009901	1.17345e-186	9.502226629734374e-181
chr5_151239421	5551	0.84778154	947.30823	410.81433	1.1718563e-222	chr5:151239432:C:T	10	10	126	136	0.15044248	8.1023119e-231	6.1089292	0.089858085	0.0099009901	2.5053811e-186	1.9673001733910816e-180
chr1_153617791	4461	1.0498962	922.84747	451.22302	3.7755926e-178	chr1:153617778:C:A	-14	-14	269	376	0.4159292	2.6900977e-168	4.2885838	0.092652388	0.0099009901	6.7271397e-184	5.126988021688351e-178
chr5_151239425	5551	0.93960255	856.11218	398.83298	1.4628215e-198	chr5:151239432:C:T	6	6	126	136	0.15044248	5.8722094e-212	5.8616791	0.096482649	0.0099009901	7.583730299999999e-184	5.614687748093888e-178
chr19_7004371	6701	1.0849771	1028.3846	379.12177	3.0761399e-172	chr19:7004521:G:A	149	149	318	433	0.52101767	2.6505831000000003e-193	4.4028978	0.0812108	0.0099009901	1.4619855999999999e-183	1.0523285847985333e-177
chr15_51620752	4663	1.0151329	519.66345	424.15894	2.6984868e-182	chr15:51612262:C:T	-8491	-8491	289	369	0.40818584	4.4470629e-183	4.1058826	0.080720343	0.0099009901	2.7381859e-182	1.9176616312411704e-176
chr19_7004657	6701	1.1960772	594.5708	335.28802	3.1126194e-155	chr19:7004521:G:A	-137	-137	318	433	0.52101767	1.000312e-196	4.343749	0.0784453	0.0099009901	2.9848393e-182	2.0353923169018187e-176
chr18_40416088	4510	1.3377328	332.2149	359.66937	4.4629915e-138	chr18:40416091:A:C	2	2	227	272	0.69911504	3.3790844e-163	3.0165601	0.067371771	0.0099009901	3.6159340000000003e-181	2.402518060545077e-175
chr5_151239516	5551	0.69077426	5686.2837	556.63849	5.1320456e-262	chr5:151239432:C:T	-85	-85	126	136	0.15044248	5.6478119e-201	5.6359358	0.099162936	0.0099009901	1.3930236e-178	9.024211307013299e-173
chr2_29189357	5041	1.1202097	680.6676	365.69058	5.6310326e-162	chr2:29189257:A:G	-101	-101	319	450	0.49778762	2.2224928000000002e-188	-4.4804578	0.085207477	0.0099009901	3.2834054e-178	2.0751592215553606e-172
chr19_12766110	4655	1.2688355	206.47217	284.17584	1.2186459999999999e-142	chr19:12766150:G:C	39	39	161	190	0.21017699	6.6463408e-213	5.4848256	0.089766562	0.0099009901	6.499628200000001e-178	4.0100519333369857e-172
chr1_63237656	4868	1.0353628	369.99069	354.34247	5.128492e-174	chr1:63237659:C:A	2	2	245	316	0.65044248	7.9237245e-209	-4.7265205	0.079282708	0.0099009901	1.7152505e-177	1.0336413443731047e-171
chr22_50034817	6725	1.3950009	625.62256	316.35489	6.3259099e-130	chr22:50034967:G:C	149	149	282	365	0.40376106	2.5852067e-174	-3.9752655	0.082620718	0.0099009901	3.7647541e-177	2.2171481397694708e-171
chr6_149981669	6194	1.0317962	967.80963	392.49457	2.7951948000000003e-174	chr6:149979192:A:G	-2478	-2478	252	319	0.3528761	5.3664053e-189	-4.6764731	0.088593788	0.0099009901	1.0065003e-176	5.7957836865058e-171
chr15_58828781	5300	0.99704766	2393.2446	461.33401	4.835800700000001e-180	chr15:58820271:A:G	-8511	-8511	256	321	0.3550885	2.1340398e-166	3.8555276	0.084329665	0.0099009901	3.8319933e-176	2.1586273862971108e-170
chr13_49619958	4359	1.0890152	436.15067	366.95245	2.6461852e-164	chr13:49620258:G:A	299	299	332	447	0.50553095	1.9311280000000002e-190	3.8500204	0.072284691	0.0099009901	5.2356128e-176	2.8865589825173107e-170
chr5_151239513	5551	0.8450911	880.48431	407.42133	1.8920061e-210	chr5:151239432:C:T	-82	-82	126	136	0.15044248	5.8447209e-220	5.9322648	0.093068331	0.0099009901	1.8984230000000002e-175	1.0248552322979375e-169
chr7_88710452	4612	1.1813319	494.44757	384.866	3.3684219e-151	chr7:88710455:C:T	2	2	289	395	0.56305307	3.6942585e-167	-3.7938457	0.082570828	0.0099009901	2.4375815e-175	1.2890620956804183e-169
chr2_237906128	6219	1.0330911	742.1571	378.10635	8.7163723e-172	chr2:237906181:A:C	52	52	307	426	0.52876109	2.6233327e-193	-4.2998848	0.07930854	0.0099009901	1.7340116000000002e-174	8.810338518433179e-169
chr10_118938176	4721	1.2315319	466.62506	338.32361	1.8805107999999998e-144	chr10:118938179:C:T	2	2	199	229	0.74668139	2.1010372999999999e-181	-4.4508896	0.088431284	0.0099009901	1.7161857000000002e-174	8.810338518433179e-169
chr17_6655336	6197	1.0352923	2200.7278	419.11087	1.0159862e-171	chr17:6655449:C:T	112	112	276	350	0.61283183	1.6414689000000001e-174	4.0772991	0.084634513	0.0099009901	2.6670661000000003e-174	1.3290496605961676e-168
chr19_12766292	4655	0.95995688	745.89014	392.90445	2.7092581e-184	chr19:12766150:G:C	-143	-143	161	190	0.21017699	1.1699092999999999e-199	5.4131174	0.096013062	0.0099009901	3.5335803000000003e-174	1.7276265461365304e-168
chr15_40808159	4012	0.96623409	1592.3717	459.31458	3.7606633999999997e-181	chr15:40807151:C:T	-1009	-1009	246	295	0.32632744	3.7770675e-168	4.0645924	0.087897062	0.0099009901	5.8537113e-172	2.808977839520983e-166
chr19_12766153	4655	0.99936032	352.19452	348.45447	3.9026572000000002e-174	chr19:12766150:G:C	-4	-4	161	190	0.21017699	1.8062013e-212	5.6226182	0.092262641	0.0099009901	1.7683115e-171	8.331186470336453e-166
chr7_76141651	4978	0.97845602	970.87268	435.26749	1.4175795e-177	chr7:76116548:C:T	-25104	-25104	315	434	0.51991153	7.801350600000001e-174	3.6329987	0.075739309	0.0099009901	7.7313782e-171	3.5775001828107747e-165
chr17_6655625	6195	1.0774981	2311.7109	419.49966	1.2152474000000001e-161	chr17:6654176:T:C	-1450	-1450	277	352	0.61061949	4.0651638000000004e-164	3.8540766	0.085560367	0.0099009901	1.6734883e-170	7.607791432847737e-165
chr2_185885265	4045	1.0502787	313.53107	422.72205	1.174836e-164	chr2:185874041:T:C	-11225	-11225	247	292	0.32300884	6.4233343e-166	-3.2841287	0.072055824	0.0099009901	2.7544791e-170	1.2306151606626156e-164
chr3_110757208	4878	1.1488109	492.64981	403.48596	1.371729e-150	chr3:110757211:T:C	2	2	316	433	0.4789823	6.903680500000001e-159	3.3573172	0.07714045	0.0099009901	7.9254671e-170	3.48083653804047e-164
chr14_84767731	5236	1.2320424	382.35251	343.9368	1.8382741e-140	chr14:84767734:A:C	2	2	158	182	0.20132743	1.5648905e-173	4.4636998	0.093237802	0.0099009901	9.3732856e-170	4.04810130976412e-164
chr12_631100	4640	0.91424894	1656.0503	439.49686	2.6156427000000002e-188	chr12:630843:C:G	-258	-258	297	386	0.42699116	1.3879475e-182	4.2352729	0.083523616	0.0099009901	2.8886138e-169	1.2270730557688623e-163
chr17_47843232	4359	1.0528296	599.86102	415.45639	1.4531617e-163	chr17:47843212:T:C	-21	-21	136	152	0.8318584	1.1456414e-167	-5.1167169	0.1109955	0.0099009901	2.9813505e-169	1.2460403904636049e-163
chr17_6655338	6197	0.85863304	4296.9941	478.15347	2.1657096e-200	chr17:6657259:A:C	1920	1920	277	350	0.61283183	9.671309e-179	4.128283	0.083415367	0.0099009901	5.0602049e-169	2.0813174556996236e-163
chr20_51901075	5376	1.2895298	1084.1929	388.53677	8.0502998e-134	chr20:51901078:T:C	2	2	280	379	0.58075219	1.5211655e-146	3.052913	0.076215476	0.0099009901	1.6624868e-168	6.731145912711188e-163
chr19_20278441	7259	1.4441665	245.52966	309.89957	6.7287941e-119	chr19:20278569:A:G	127	127	194	225	0.24889381	9.441587699999999e-163	-4.1293063	0.092493929	0.0099009901	4.8441291e-168	1.931137180661257e-162
chr19_12766284	4655	1.000066	363.16525	347.77768	3.9029881e-170	chr19:12766150:G:C	-135	-135	161	190	0.21017699	5.5762137e-208	5.4348803	0.091633685	0.0099009901	1.3818546999999999e-167	5.425368202289227e-162
chr3_87305835	5358	1.2105871	239.16833	350.27832	1.071977e-140	chr3:87305268:C:T	-568	-568	312	421	0.46570796	1.0417743e-170	3.6390185	0.077403337	0.0099009901	2.4523606999999997e-167	9.48462835733297e-162
chr5_151239386	5551	0.96080357	544.5448	362.80652	7.9726067e-177	chr5:151239432:C:T	45	45	126	136	0.15044248	2.6902039e-207	5.6736608	0.096056655	0.0099009901	2.7528702e-167	1.049029243488344e-161
chr2_192731776	3201	0.92102575	398.64798	409.96655	6.7945875e-184	chr2:192731779:C:T	2	2	329	444	0.49115044	5.1769247e-191	-3.7917583	0.070938423	0.0099009901	5.0873648999999995e-167	1.91053312423183e-161
chr2_237906140	6219	1.2907032	391.38895	311.23862	4.2400645999999996e-132	chr2:237906181:A:C	40	40	307	426	0.52876109	4.0032130000000005e-180	-3.9325483	0.07876727	0.0099009901	5.2345636e-167	1.93772978131476e-161
chr5_168653291	4976	1.0621355	1550.3029	438.60098	5.1234810999999995e-160	chr5:168653294:T:C	2	2	304	413	0.5431416	1.7898755000000002e-155	2.963433	0.069652513	0.0099009901	1.5441848e-166	5.6357497146588165e-161
chr15_58828684	5300	1.1215861	872.12897	387.05023	3.0705657e-151	chr15:58820271:A:G	-8414	-8414	256	321	0.3550885	2.8579994e-166	4.0540586	0.088745207	0.0099009901	2.8891068e-166	1.0397809903790499e-160
chr21_45556294	6437	0.8961491	1485.0187	433.63162	1.543892e-188	chr21:45556197:C:T	-98	-98	288	368	0.40707964	2.9747597e-185	4.2666874	0.082743838	0.0099009901	3.5714903e-166	1.2677610016220014e-160
chr3_16286303	5033	0.87499243	1289.6406	453.62646	1.2811535999999998e-192	chr3:16291481:A:G	5177	5177	301	390	0.56858408	5.2832e-181	-4.0645652	0.080960147	0.0099009901	6.8854228e-166	2.4110691531997784e-160
chr5_151239272	5551	0.92267239	1746.0405	458.96436	8.0964643e-183	chr5:151239432:C:T	159	159	126	136	0.15044248	7.9982933e-170	5.0233669	0.10746078	0.0099009901	9.8561694e-166	3.405317960856504e-160
chr19_12766095	4655	1.0071926	850.4585	404.15851	1.7980583e-167	chr19:12766150:G:C	54	54	161	190	0.21017699	2.0230039e-176	5.2719803	0.10810766	0.0099009901	1.0112898999999999e-165	3.448044409996223e-160
chr22_42820340	5510	0.98501384	1312.3939	435.72067	4.3745709e-171	chr22:42805204:A:G	-15137	-15137	230	285	0.31526548	2.604282e-167	4.3837719	0.095316231	0.0099009901	1.8536168999999998e-165	6.23792327089874e-160
chr22_47918793	7433	1.1542083	2042.1395	402.38702	1.0497431e-146	chr22:47918714:G:A	-80	-80	300	379	0.41924778	3.3255327e-155	-3.5575461	0.083766855	0.0099009901	1.9903136999999998e-165	6.612073962633576e-160
chr3_187773967	5515	0.89791864	3097.7402	482.50385	2.8689198000000004e-187	chr3:187771148:A:G	-2820	-2820	283	371	0.58960176	1.4653553e-165	-4.1009741	0.090188071	0.0099009901	4.488730299999999e-165	1.47233689137071e-159
chr11_134889864	3820	1.0135409	720.44226	401.91174	2.2561509e-165	chr11:134889867:T:C	2	2	334	439	0.48561946	3.585545e-175	3.5142074	0.07263881	0.0099009901	1.0415752e-164	3.3737384983803003e-159
chr5_151239383	5551	0.90654653	785.487	389.71411	3.3273503999999995e-184	chr5:151239432:C:T	48	48	126	136	0.15044248	3.520756e-201	5.6594315	0.099451438	0.0099009901	2.0380527e-164	6.519903444362333e-159
chr19_12766077	4655	1.0564349	496.63135	365.06207	2.5936443e-158	chr19:12766150:G:C	72	72	161	190	0.21017699	1.9966034999999999e-184	5.0973773	0.099367484	0.0099009901	2.2802085e-164	7.205622089559696e-159
chr15_58828660	5300	1.117515	1626.3805	418.37112	3.2171364e-150	chr15:58820271:A:G	-8390	-8390	256	321	0.3550885	6.3451368e-153	3.9267507	0.093883373	0.0099009901	3.1988959e-164	9.986947989481122e-159
chr17_6654938	6202	1.104619	1013.8304	365.03522	1.7152843e-151	chr17:6657259:A:C	2320	2320	277	350	0.61283183	1.7613659999999998e-176	4.0466447	0.082949042	0.0099009901	5.7696407e-164	1.7588978423234223e-158
chr2_29189293	5041	0.82706314	2193.8127	466.57794	1.7893042000000002e-201	chr2:29189257:A:G	-37	-37	319	450	0.49778762	4.0688709e-184	-4.9596033	0.096869625	0.0099009901	5.7553491000000005e-164	1.7588978423234223e-158
chr4_182809333	6148	1.0219755	1285.3474	388.55521	2.9238727e-163	chr4:182808049:A:G	-1285	-1285	113	120	0.13274336	8.1967163e-179	5.423377	0.10953389	0.0099009901	1.1679520000000001e-163	3.5191462571888377e-158
chr3_108406749	4606	0.85166681	1205.6367	474.41907	6.265000900000001e-195	chr3:108406767:C:T	17	17	158	179	0.19800885	3.1452229e-175	4.5642972	0.094309933	0.0099009901	1.7860089e-163	5.31955298896831e-158
chr17_6654973	6200	0.95498288	1565.5938	406.27164	2.4139482000000002e-174	chr17:6654176:T:C	-798	-798	277	352	0.61061949	1.0190441e-182	4.2380686	0.083508156	0.0099009901	1.8084955999999998e-163	5.325318133422408e-158
chr17_6655076	6200	0.99964643	1372.6917	386.65201	3.5131723e-166	chr17:6657259:A:C	2182	2182	277	350	0.61283183	6.6894076e-183	4.3635478	0.08588174	0.0099009901	5.5046571999999997e-163	1.6026956022491728e-157
chr17_6655007	6200	1.2671638	560.37512	313.01999	2.2618411e-131	chr17:6654176:T:C	-832	-832	277	352	0.61061949	4.0402886e-178	4.2034316	0.085269161	0.0099009901	7.5002808e-163	2.15946309727144e-157
chr19_52858281	8952	0.90208423	6807.9341	483.71103	3.7846824e-184	chr19:52858141:A:G	-141	-141	229	276	0.30530974	2.1017431000000002e-162	-4.2219114	0.094784066	0.0099009901	1.0285960000000001e-162	2.9289652019617584e-157
chr15_40808139	4012	1.272795	255.68114	313.20654	2.9817793e-130	chr15:40807151:C:T	-989	-989	246	295	0.32632744	1.7161274e-176	4.1110492	0.084263153	0.0099009901	1.3976909e-162	3.9367159831911196e-157
chr19_20278434	7259	0.96258491	978.48059	446.78891	4.1102913e-171	chr19:20278569:A:G	134	134	194	225	0.24889381	3.0753963e-163	-4.3235478	0.096536137	0.0099009901	7.485362300000001e-162	2.0856462561857002e-156
chr19_12766181	4655	1.0151068	785.03888	401.0401	5.5551342e-162	chr19:12766150:G:C	-32	-32	161	190	0.21017699	6.0284483e-172	5.2753167	0.11131789	0.0099009901	1.755756e-161	4.840019159656596e-156
chr19_12766204	4655	1.1099434	356.7514	332.40298	1.2384720999999999e-147	chr19:12766150:G:C	-55	-55	161	190	0.21017699	1.1156357e-188	5.1287956	0.097355463	0.0099009901	5.657508100000001e-161	1.5431649562574181e-155
chr12_631300	4640	1.2001569	799.35449	366.4101	6.8140099e-137	chr12:630843:C:G	-458	-458	297	386	0.42699116	7.4664864e-159	3.7769005	0.086800687	0.0099009901	1.0480483e-160	2.8289211202033435e-155
chr19_46231359	4636	1.2223608	974.48474	381.17294	2.3995951e-134	chr19:46231362:T:C	2	2	208	259	0.71349555	6.303305200000001e-150	3.4585733	0.084378354	0.0099009901	1.8805455e-160	5.0236906057946905e-155
chr13_49619892	4359	1.0784518	499.50461	385.71854	1.6719082e-151	chr13:49620258:G:A	365	365	332	447	0.50553095	3.9526936e-167	3.5759137	0.077842511	0.0099009901	1.9477699e-160	5.15017928466646e-155
chr13_49619934	4359	1.1564682	420.57092	363.08685	4.8368314e-141	chr13:49620258:G:A	323	323	332	447	0.50553095	3.7056173999999995e-165	3.4473474	0.076012984	0.0099009901	5.396310000000001e-160	1.4124480035754549e-154
