name	n_tested	n_mwu_sig	n_fisher_sig	mean_delta	mean_abs_delta	frac_mwu_sig	frac_fisher_sig
chr20:30845403	452	436	452	-0.027997787610619468	0.521896017699115	0.9646017699115044	1.0
chr1:734950	446	349	378	0.015091928251121076	0.1229304932735426	0.7825112107623319	0.8475336322869955
chr9:42851397	438	335	373	-0.012159817351598172	0.1690593607305936	0.7648401826484018	0.8515981735159818
chr4:3038211	443	326	345	0.006848758465011286	0.12578329571106095	0.7358916478555305	0.7787810383747178
chr2:113600646	448	314	347	0.0015066964285714286	0.13249330357142858	0.7008928571428571	0.7745535714285714
chr10:42105158	447	309	386	0.0003780760626398205	0.1261275167785235	0.6912751677852349	0.8635346756152126
chr9:27688963	447	261	321	0.011881431767337807	0.15549664429530202	0.5838926174496645	0.7181208053691275
chr1:161471308	452	245	357	0.0017190265486725664	0.0786216814159292	0.5420353982300885	0.7898230088495575
chr22:23922860	423	225	248	0.0030638297872340433	0.11748936170212766	0.5319148936170213	0.5862884160756501
chr1:120352574	437	216	311	0.008810068649885585	0.11261784897025172	0.494279176201373	0.7116704805491991
chr22:49629557	445	214	320	-0.011770786516853933	0.049946067415730336	0.48089887640449436	0.7191011235955056
chr6:33059737	435	194	259	-0.005866666666666666	0.16205977011494252	0.4459770114942529	0.5954022988505747
chr13:113829458	450	198	265	-0.003586666666666667	0.033293333333333335	0.44	0.5888888888888889
chr17:80839948	448	191	193	0.0006205357142857142	0.014044642857142856	0.4263392857142857	0.43080357142857145
chr7:2807193	442	188	311	-0.006552036199095022	0.08383257918552037	0.4253393665158371	0.7036199095022625
chr19:17488653	442	188	294	-0.008346153846153847	0.12348190045248868	0.4253393665158371	0.665158371040724
chr20:61976631	449	186	173	-0.0005723830734966593	0.010073496659242762	0.4142538975501114	0.38530066815144765
chr22:49921539	443	183	338	-0.00012866817155756212	0.07379909706546275	0.41309255079006774	0.7629796839729119
chr14:101151168	440	180	261	-0.002284090909090909	0.0762068181818182	0.4090909090909091	0.5931818181818181
chr6:37660244	448	179	254	0.007354910714285714	0.10955580357142858	0.39955357142857145	0.5669642857142857
chr6:29719107	433	170	238	0.012616628175519631	0.1273556581986143	0.39260969976905313	0.5496535796766744
chr7:157733325	451	172	282	0.0019623059866962305	0.041119733924611976	0.38137472283813745	0.6252771618625277
chr19:2323173	441	167	331	0.004090702947845805	0.08095238095238096	0.3786848072562358	0.7505668934240363
chr19:424853	449	168	249	-0.0037015590200445434	0.030873051224944326	0.3741648106904232	0.5545657015590201
chr5:1492123	447	167	329	0.006892617449664429	0.08110290827740492	0.37360178970917224	0.7360178970917226
chr13:113839146	448	164	309	-0.005477678571428572	0.06108035714285715	0.36607142857142855	0.6897321428571429
chr2:237797402	433	156	205	0.000651270207852194	0.01887759815242494	0.36027713625866054	0.47344110854503463
chr4:189915390	428	146	257	0.005359813084112149	0.07971962616822431	0.3411214953271028	0.6004672897196262
chr2:26689496	446	151	229	-0.003708520179372197	0.03368161434977579	0.33856502242152464	0.5134529147982063
chr3:190963545	447	150	286	-0.000919463087248322	0.07797091722595079	0.33557046979865773	0.639821029082774
chr6:116874679	419	139	222	0.0022863961813842483	0.03958949880668258	0.3317422434367542	0.5298329355608592
chr22:33456176	442	145	223	6.108597285067876e-05	0.04754072398190046	0.32805429864253394	0.504524886877828
chr20:28835586	434	142	326	-0.06830875576036867	0.18680184331797237	0.3271889400921659	0.7511520737327189
chr9:41560814	452	147	389	-0.010595132743362832	0.12297566371681416	0.3252212389380531	0.8606194690265486
chr7:149473803	438	141	153	-0.0019018264840182648	0.01139041095890411	0.3219178082191781	0.3493150684931507
chr22:33771407	439	141	242	0.0006583143507972665	0.060904328018223236	0.3211845102505695	0.55125284738041
chr1:146057448	450	144	306	0.01312888888888889	0.07776888888888887	0.32	0.68
chr11:1245378	451	142	181	-0.0006075388026607541	0.02138359201773836	0.3148558758314856	0.401330376940133
chr10:133128816	450	138	286	-0.0003799999999999998	0.04615777777777778	0.30666666666666664	0.6355555555555555
chr7:2041723	447	137	164	0.0011297539149888144	0.01624384787472036	0.30648769574944074	0.3668903803131991
chr2:131589088	440	131	226	-0.00016363636363636355	0.03607272727272727	0.29772727272727273	0.5136363636363637
chr17:15503837	444	132	216	-0.002078828828828829	0.0294481981981982	0.2972972972972973	0.4864864864864865
chr12:125185254	438	130	215	0.0004885844748858448	0.015210045662100458	0.2968036529680365	0.4908675799086758
chr4:8464578	442	126	127	-0.0006945701357466062	0.014020361990950228	0.2850678733031674	0.2873303167420814
chr7:157710612	448	127	241	0.001082589285714286	0.02856026785714286	0.28348214285714285	0.5379464285714286
chr10:129579369	440	123	173	3.636363636363637e-05	0.026213636363636366	0.27954545454545454	0.3931818181818182
chr22:17648164	438	122	120	-0.001	0.015812785388127856	0.2785388127853881	0.273972602739726
chr19:22653736	438	122	213	-0.0012694063926940637	0.06904109589041096	0.2785388127853881	0.4863013698630137
chr5:181162125	447	123	313	0.0035369127516778525	0.0835682326621924	0.2751677852348993	0.7002237136465325
chr3:11491943	438	120	154	0.0027534246575342466	0.021073059360730593	0.273972602739726	0.3515981735159817
chr3:6211749	449	123	252	-0.008011135857461025	0.05458129175946549	0.2739420935412027	0.5612472160356348
chr2:232407799	445	118	208	-0.0015258426966292134	0.043435955056179774	0.2651685393258427	0.46741573033707867
chr15:34751111	449	119	224	0.005077951002227171	0.03843652561247217	0.2650334075723831	0.49888641425389757
chr17:44656049	444	117	292	-0.004466216216216216	0.05073648648648649	0.2635135135135135	0.6576576576576577
chr3:122921447	442	116	225	-0.0001063348416289593	0.04508823529411765	0.26244343891402716	0.5090497737556561
chr16:56869338	450	118	298	0.010044444444444443	0.07447555555555556	0.26222222222222225	0.6622222222222223
chr13:112739897	448	117	196	0.0030267857142857145	0.03400446428571429	0.2611607142857143	0.4375
chr8:144426847	445	116	324	-0.009269662921348315	0.0666494382022472	0.2606741573033708	0.7280898876404495
chr9:87652299	446	116	219	0.002968609865470852	0.05662331838565023	0.2600896860986547	0.4910313901345291
chr17:75839128	436	113	156	0.0015022935779816515	0.01706192660550459	0.2591743119266055	0.3577981651376147
chr16:907503	450	116	203	0.0015066666666666666	0.024013333333333334	0.2577777777777778	0.45111111111111113
chr2:240157825	451	115	243	-0.0008203991130820401	0.0376319290465632	0.2549889135254989	0.5388026607538803
chr9:17424735	440	112	186	0.0030068181818181817	0.10281136363636363	0.2545454545454545	0.42272727272727273
chr19:4664791	444	113	134	-0.00030855855855855857	0.014813063063063063	0.2545045045045045	0.30180180180180183
chr22:33805345	442	111	209	-7.013574660633519e-05	0.05188009049773757	0.251131221719457	0.47285067873303166
chr7:154057871	450	113	181	0.00018666666666666671	0.024742222222222224	0.2511111111111111	0.4022222222222222
chr8:12181586	444	111	248	-0.004213963963963964	0.05690765765765766	0.25	0.5585585585585585
chr12:121896808	433	108	134	0.001	0.014297921478060048	0.24942263279445728	0.3094688221709007
chr11:68348144	429	107	189	0.00035897435897435905	0.02651748251748252	0.2494172494172494	0.4405594405594406
chr7:55744351	434	107	190	-0.0024746543778801844	0.029013824884792632	0.2465437788018433	0.4377880184331797
chr12:130784475	447	110	141	0.0012997762863534677	0.01659731543624161	0.24608501118568232	0.31543624161073824
chr11:8370622	448	110	230	0.0015290178571428575	0.06785937500000001	0.24553571428571427	0.5133928571428571
chr6:88585633	441	108	203	-0.0024671201814058957	0.04315646258503402	0.24489795918367346	0.4603174603174603
chr7:3298243	442	108	223	-0.0016312217194570137	0.02107013574660634	0.24434389140271492	0.504524886877828
chr5:179833733	448	109	133	0.0015200892857142859	0.014854910714285715	0.24330357142857142	0.296875
chr18:774018	439	106	178	0.00303872437357631	0.04629157175398633	0.24145785876993167	0.4054669703872437
chr12:51312540	445	107	129	0.0002898876404494381	0.016532584269662923	0.24044943820224718	0.2898876404494382
chr16:88113696	450	108	274	-0.0013355555555555555	0.05289555555555556	0.24	0.6088888888888889
chr2:70165884	435	104	122	-0.0005195402298850576	0.015425287356321841	0.23908045977011494	0.28045977011494255
chr2:120277442	442	105	111	0.00036199095022624434	0.013737556561085974	0.23755656108597284	0.251131221719457
chr17:74251971	446	105	207	0.0008923766816143498	0.03745739910313902	0.23542600896860988	0.4641255605381166
chr1:3682559	444	104	260	0.0004234234234234233	0.051990990990991	0.23423423423423423	0.5855855855855856
chr4:3505426	449	105	165	1.7817371937639215e-05	0.01759910913140312	0.23385300668151449	0.3674832962138085
chr5:175513176	442	103	115	-0.0007556561085972851	0.01753846153846154	0.2330316742081448	0.26018099547511314
chr20:60296893	434	101	200	-0.004956221198156681	0.05639861751152075	0.23271889400921658	0.4608294930875576
chr4:3491556	448	104	239	-0.0008839285714285713	0.03813839285714286	0.23214285714285715	0.5334821428571429
chr5:1628027	442	102	115	-0.0001380090497737557	0.01778054298642534	0.23076923076923078	0.26018099547511314
chr2:86163542	429	99	117	-0.000543123543123543	0.014104895104895106	0.23076923076923078	0.2727272727272727
chr14:104863129	444	102	200	-0.002436936936936937	0.02281081081081081	0.22972972972972974	0.45045045045045046
chr1:50647501	423	97	99	-0.00013002364066193856	0.013926713947990544	0.2293144208037825	0.23404255319148937
chr17:43951041	439	100	251	-0.0012072892938496584	0.04918906605922552	0.22779043280182232	0.571753986332574
chr6:160111762	437	99	121	0.0001693363844393592	0.015006864988558351	0.22654462242562928	0.2768878718535469
chr8:7913242	362	82	199	0.0157707182320442	0.08480386740331493	0.2265193370165746	0.5497237569060773
chr16:31055071	426	96	123	0.0011948356807511737	0.019734741784037557	0.22535211267605634	0.2887323943661972
chr4:87315541	444	100	198	-0.0037815315315315313	0.058240990990991	0.22522522522522523	0.44594594594594594
chr19:17085263	432	97	150	-0.0002430555555555556	0.018053240740740745	0.22453703703703703	0.3472222222222222
chr17:10005300	447	100	185	-0.0016442953020134228	0.029058165548098435	0.22371364653243847	0.41387024608501116
chr7:148409765	446	99	196	0.0013161434977578476	0.03897533632286996	0.2219730941704036	0.43946188340807174
chr1:1025869	447	99	239	-0.005062639821029082	0.03799776286353467	0.2214765100671141	0.5346756152125279
chr7:65321464	429	95	166	-0.002787878787878788	0.03848951048951049	0.22144522144522144	0.38694638694638694
