chr	start	end
1	1847856	2339139
1	10730910	10856692
1	15801178	16720112
1	18776939	18827938
1	23262176	23835794
1	26987646	27845119
1	28510330	28575140
1	43701201	43749755
1	45796354	46636384
1	47946305	48002447
1	53581670	53581670
1	54222571	54222571
1	55531136	55723635
1	56513945	56972600
1	67365034	68018808
1	78023173	78716854
1	82899826	82965455
1	94026861	94066635
1	94596291	94980123
1	100799044	101069105
1	109800321	110077741
1	113041015	113635696
1	115091266	115236057
1	117014529	117023609
1	149998923	151182876
1	155024309	156206121
1	163581663	163768768
1	170649277	172368310
1	180901122	180909549
1	182946746	183105705
1	184672098	185371215
1	186396508	186808626
1	199185297	199185297
1	200893960	201016296
1	205537858	205544671
1	207193177	207251518
1	207889407	208055692
1	211420319	211431105
1	214723168	214813061
1	220224321	220224321
1	220974174	221136672
1	228322826	228559994
1	243213761	243608967
1	245575183	245575879
2	30762	305203
2	12078496	12122910
2	15723095	15839159
2	18656321	18695083
2	25935370	26120853
2	27102844	28532309
2	40680149	40748216
2	43417083	43907630
2	46526096	46541176
2	54540191	55068589
2	60605919	60633364
2	66652955	66680892
2	73529077	74120961
2	101591710	101799389
2	102953444	103239356
2	113967075	113993385
2	119069408	119186388
2	120440325	121341281
2	121947629	122056000
2	135343934	135726289
2	137061077	137130665
2	145681570	145726621
2	148389870	149138727
2	152205449	152490219
2	159670346	159984238
2	169961897	170236399
2	176431880	178482594
2	179432185	179737610
2	183000994	183316693
2	187846104	188385501
2	204322298	204322298
2	208417937	208465544
2	210704200	212274447
2	213087563	213151472
2	213841096	214031336
2	217568497	217714948
2	219273718	219658617
2	220299541	220384552
2	227200518	227344527
2	230576208	230850615
2	232054514	232092301
2	233557043	234376177
3	12054707	12848491
3	13930490	14241290
3	15905676	15905676
3	19978780	20298061
3	25357637	25454948
3	30746255	30777944
3	38412303	38601556
3	39188843	39214256
3	48410774	53131043
3	57533658	57703859
3	63787162	64061581
3	69791738	69903734
3	99434166	99497713
3	105374702	105593981
3	121350573	122228974
3	124687460	124729097
3	125865117	125977522
3	129706641	129716453
3	132181820	132353895
3	135625498	136752590
3	141063953	142081390
3	142803250	142803250
3	152095576	152116954
3	153657588	153946463
3	168869747	169168017
3	184020542	184044433
3	185262137	185840443
3	186408443	186460877
3	193784495	193841901
3	195618534	195635432
3	196774356	197025109
4	1001742	1019672
4	3051940	3452345
4	5785442	5800494
4	9920347	10272429
4	23723208	23826958
4	38636537	38636537
4	40415042	40426677
4	48986066	49093197
4	52680923	52866468
4	54217607	54379445
4	77013191	77707209
4	81157098	81207963
4	90267380	90278279
4	95476719	95581345
4	96108563	96108805
4	103394414	104368124
4	109693455	109754899
4	115459464	115631654
4	127822133	129541530
4	143737358	144355290
5	423385	1195209
5	16887063	16887063
5	34441826	34740226
5	39161807	40217324
5	44068846	44945090
5	52710378	53665443
5	67655495	68747047
5	76847499	76847499
5	78285921	78329647
5	90205537	90612558
5	97902431	97913833
5	126200982	126536059
5	130195701	132474055
5	148524820	148542406
5	176477828	176949352
6	1999329	2510495
6	6997161	7258523
6	20404420	20442354
6	24153034	24382006
6	25691362	32909533
6	34094919	34904584
6	41648698	41708938
6	43217239	44031083
6	44680555	44828803
6	50782834	52050063
6	52613481	52740798
6	55368502	55644601
6	90020581	90315789
6	100882405	100906046
6	107172176	107173804
6	108518770	109036081
6	126215486	126259767
6	130321899	130436472
6	131148382	131299179
6	131814278	131967804
6	133381176	134232194
6	136065813	136125859
6	154826460	155014704
6	160297818	161163074
7	1000625	1331920
7	2516594	2518689
7	17280513	17492960
7	25693681	25802471
7	26562200	26583781
7	27221227	27287611
7	32890682	33138472
7	41016411	41094298
7	45255365	45257483
7	46706813	46946639
7	50732659	50881815
7	55952097	56162172
7	65072811	66454071
7	75600008	75861673
7	77112367	77606056
7	101775597	102113093
7	113349793	113708893
7	127263478	127755904
7	128562647	128756402
7	129407923	129685597
7	150497496	150798980
7	151347952	151466242
7	155597936	156427201
8	6365738	6365738
8	8088877	11895188
8	17324768	17327150
8	22424489	22544158
8	23612691	24042906
8	30404463	30468428
8	32295903	32476816
8	61369006	61384753
8	66567648	66692011
8	76345925	76564405
8	86351997	86396656
8	87176499	87562786
8	95662339	95988358
8	102654182	102745927
8	110087249	110107825
8	120697077	121003684
8	126447308	126507389
8	129914248	129994834
8	134331059	134332960
8	135695110	135720455
8	142221361	142222445
8	144870535	145154222
9	33109149	34358893
9	71041532	71629914
9	92263349	92285323
9	95883958	95890162
9	103331405	103349210
9	112196971	112225832
9	119140488	119485337
9	130622946	130746349
9	133488447	133510021
9	136128467	136239399
9	136925663	136949669
9	139085602	139110654
9	140071163	140122308
10	752876	1283195
10	29681019	29822159
10	34957566	35169793
10	50862335	51128662
10	51779449	51779747
10	52478264	52747870
10	63785089	63801030
10	69911574	70394649
10	74946444	76309882
10	82017132	82284512
10	88845190	88925529
10	90152369	90293524
10	93404478	94846093
10	97236971	97307675
10	103991381	105215651
10	111951047	111970309
10	116732726	116778675
10	120248621	120262844
10	124131176	124192180
10	126302936	126679739
10	131275228	131449487
11	408174	419706
11	2072504	2191709
11	2766234	2949861
11	5532222	5604520
11	8030988	8051791
11	9886893	10323478
11	15769438	15923185
11	17025712	17028820
11	30264486	31793265
11	32927778	32956492
11	47262840	50561247
11	51382469	51533354
11	55040412	55590631
11	57401183	57687365
11	65037977	65782768
11	68817441	69391327
11	70007770	70007770
11	75453982	75511572
11	77909014	78284822
11	111181649	111926528
11	114027369	114032484
11	118635151	119357305
11	121562038	121661507
11	122503132	122606216
11	128260357	128357902
12	301428	556297
12	3201746	3444974
12	4493794	4670931
12	12205282	12210001
12	14966165	15520729
12	20368269	20368269
12	48178194	48780358
12	50267335	51313531
12	52286723	52334814
12	53363015	54055485
12	56860020	57848639
12	65964357	65995687
12	67638704	67772510
12	76270033	76286195
12	78811781	78811781
12	82117216	82302509
12	93968256	93972927
12	111865049	112763528
12	115751903	115761090
12	121051879	121487278
12	124404718	124492610
13	27740382	27836364
13	42653898	42787040
13	48452461	48705454
13	50237255	51390598
13	72331984	72401045
13	73239390	74189974
13	74718939	74730980
13	96056688	96085390
13	111015628	111064417
14	31698651	31935271
14	35252097	35486341
14	37568235	38075286
14	50655307	50849397
14	54411696	54425052
14	68073442	68100887
14	73077854	74215428
14	80604864	80757474
14	81814426	81875570
14	88788507	89352730
14	93068516	93640448
14	96659919	96664898
14	99750386	99750386
14	100657157	101056280
14	102903398	102997017
14	103840904	104000183
15	39213181	39324690
15	40689526	41795900
15	45363112	46133362
15	49699556	49744567
15	53778448	54096982
15	57729289	57854106
15	62756233	62808539
15	63323779	63649494
15	65731740	66095270
15	67341477	67661784
15	74461720	77253196
15	78972977	79082431
15	81135449	81171790
15	83241228	83753712
15	84646691	85392298
15	99186488	99320851
16	2161793	2163962
16	3544040	3750623
16	16098725	16128742
16	20316843	21092051
16	28485141	28937259
16	30103160	30380486
16	51163406	51855817
16	53154361	53388769
16	67727069	68660565
16	69542478	69818983
16	71584333	71998736
16	73011577	73063054
16	79725016	79997583
16	84270476	84270476
16	84776178	84776286
16	87984477	88031488
16	88973937	90061266
17	1618135	2068932
17	4943176	4949078
17	12134186	12139964
17	16949140	17750907
17	19289286	19988543
17	29720140	29720140
17	34831226	34961051
17	36101926	36102035
17	37065515	38470126
17	40492887	40543992
17	43361491	43361491
17	44931399	44931399
17	45959620	46318175
17	54662249	54779481
17	56518534	57356558
17	58417413	59528544
17	65368155	65396360
17	66249932	66505856
17	79526821	79687218
18	5573994	5617122
18	13484179	13484179
18	24386535	24452435
18	32621231	32624667
18	42352453	42787046
18	46315420	46497298
18	59240586	59382875
18	77150335	77762141
19	1238322	1238322
19	3951347	3954627
19	4506296	4506296
19	12999458	13071832
19	14172728	14588476
19	18199330	19727152
19	33029646	33507781
19	36342212	36397350
19	36997147	38473275
19	39134558	39277154
19	40706362	40869618
19	45387459	45428234
19	49206603	49571113
19	53357172	53357172
20	1328766	1348700
20	2790117	3008909
20	8303120	8317206
20	14671075	14689146
20	31924680	34557004
20	39614945	39970544
20	42815795	43036452
20	52686167	52790786
20	55975099	56163066
20	57456495	57477812
20	60544102	60979674
20	62139177	62917667
21	16488686	16838662
21	35260961	35389232
21	37802629	37860857
21	46931109	46959771
22	19021819	19128559
22	24115515	24115515
22	27977955	28187396
22	30111302	31046315
22	36530428	36564170
22	38505347	38614129
22	40402817	41062014
22	41939668	43160756
22	50699164	50928012
