sample_id	bam_url
HG00097	https://1000g-ont.s3.amazonaws.com/PROCESSED_DATA/ALIGNED_TO_HG38/MINIMAP2_ALIGNED_BAMS/HG00097-ONT-hg38-R10-LSK114-dorado034_sup_5mCG_5hmCG_v33.phased.bam
HG00102	https://1000g-ont.s3.amazonaws.com/PROCESSED_DATA/ALIGNED_TO_HG38/MINIMAP2_ALIGNED_BAMS/HG00102-ONT-hg38-R10-LSK114-5mCG_5hmCG.phased.bam
HG00105	https://1000g-ont.s3.amazonaws.com/PROCESSED_DATA/ALIGNED_TO_HG38/MINIMAP2_ALIGNED_BAMS/HG00105-ONT-hg38-R9-LSK110-guppy-sup-5mC.phased.bam
HG00108	https://1000g-ont.s3.amazonaws.com/PROCESSED_DATA/ALIGNED_TO_HG38/MINIMAP2_ALIGNED_BAMS/HG00108-ONT-hg38-R9-LSK110-dorado050_sup_5mCG_v33.phased.bam
HG00109	https://1000g-ont.s3.amazonaws.com/PROCESSED_DATA/ALIGNED_TO_HG38/MINIMAP2_ALIGNED_BAMS/HG00109-ONT-hg38-R10-LSK114-dorado081_sup_5mCG_5hmCG_v500.phased.bam
HG00110	https://1000g-ont.s3.amazonaws.com/PROCESSED_DATA/ALIGNED_TO_HG38/MINIMAP2_ALIGNED_BAMS/HG00110-ONT-hg38-R9-LSK110-guppy-sup-5mC.phased.bam
HG00112	https://1000g-ont.s3.amazonaws.com/PROCESSED_DATA/ALIGNED_TO_HG38/MINIMAP2_ALIGNED_BAMS/HG00112-ONT-hg38-R10-LSK114-dorado090_sup_5mCG_5hmCG_v500.phased.bam
HG00113	https://1000g-ont.s3.amazonaws.com/PROCESSED_DATA/ALIGNED_TO_HG38/MINIMAP2_ALIGNED_BAMS/HG00113-ONT-hg38-R10-LSK114-dorado090_sup_5mCG_5hmCG_v500.phased.bam
HG00115	https://1000g-ont.s3.amazonaws.com/PROCESSED_DATA/ALIGNED_TO_HG38/MINIMAP2_ALIGNED_BAMS/HG00115-ONT-hg38-R10-LSK114-dorado090_sup_5mCG_5hmCG_v500.phased.bam
HG00116	https://1000g-ont.s3.amazonaws.com/PROCESSED_DATA/ALIGNED_TO_HG38/MINIMAP2_ALIGNED_BAMS/HG00116-ONT-hg38-R10-LSK114-dorado082_sup_5mCG_5hmCG_v500.phased.bam
HG00119	https://1000g-ont.s3.amazonaws.com/PROCESSED_DATA/ALIGNED_TO_HG38/MINIMAP2_ALIGNED_BAMS/HG00119-ONT-hg38-R10-LSK114-dorado090_sup_5mCG_5hmCG_v500.phased.bam
HG00121	https://1000g-ont.s3.amazonaws.com/PROCESSED_DATA/ALIGNED_TO_HG38/MINIMAP2_ALIGNED_BAMS/HG00121-ONT-hg38-R9-LSK110-guppy-sup-5mC.phased.bam
HG00126	https://1000g-ont.s3.amazonaws.com/PROCESSED_DATA/ALIGNED_TO_HG38/MINIMAP2_ALIGNED_BAMS/HG00126-ONT-hg38-R9-LSK110-dorado050_sup_5mCG_v33.phased.bam
HG00127	https://1000g-ont.s3.amazonaws.com/PROCESSED_DATA/ALIGNED_TO_HG38/MINIMAP2_ALIGNED_BAMS/HG00127-ONT-hg38-R9-LSK110-guppy-sup-5mC.phased.bam
HG00136	https://1000g-ont.s3.amazonaws.com/PROCESSED_DATA/ALIGNED_TO_HG38/MINIMAP2_ALIGNED_BAMS/HG00136-ONT-hg38-R9-LSK110-guppy-sup-5mC.phased.bam
HG00142	https://1000g-ont.s3.amazonaws.com/PROCESSED_DATA/ALIGNED_TO_HG38/MINIMAP2_ALIGNED_BAMS/HG00142-ONT-hg38-R10-LSK114-dorado034_sup_5mCG_5hmCG_v33.phased.bam
HG00143	https://1000g-ont.s3.amazonaws.com/PROCESSED_DATA/ALIGNED_TO_HG38/MINIMAP2_ALIGNED_BAMS/HG00143-ONT-hg38-R10-LSK114-dorado050_sup_5mCG_v430.phased.bam
HG00145	https://1000g-ont.s3.amazonaws.com/PROCESSED_DATA/ALIGNED_TO_HG38/MINIMAP2_ALIGNED_BAMS/HG00145-ONT-hg38-R10-LSK114-dorado050_sup_5mCG_5hmCG_v430.phased.bam
HG00151	https://1000g-ont.s3.amazonaws.com/PROCESSED_DATA/ALIGNED_TO_HG38/MINIMAP2_ALIGNED_BAMS/HG00151-ONT-hg38-R9-LSK110-guppy-sup-5mC.phased.bam
HG00154	https://1000g-ont.s3.amazonaws.com/PROCESSED_DATA/ALIGNED_TO_HG38/MINIMAP2_ALIGNED_BAMS/HG00154-ONT-hg38-R10-LSK114-dorado090_sup_5mCG_5hmCG_v500.phased.bam
HG00155	https://1000g-ont.s3.amazonaws.com/PROCESSED_DATA/ALIGNED_TO_HG38/MINIMAP2_ALIGNED_BAMS/HG00155-ONT-hg38-R10-LSK114-dorado081_sup_5mCG_5hmCG_v500.phased.bam
HG00160	https://1000g-ont.s3.amazonaws.com/PROCESSED_DATA/ALIGNED_TO_HG38/MINIMAP2_ALIGNED_BAMS/HG00160-ONT-hg38-R10-LSK114-dorado081_sup_5mCG_5hmCG_v500.phased.bam
HG00171	https://1000g-ont.s3.amazonaws.com/PROCESSED_DATA/ALIGNED_TO_HG38/MINIMAP2_ALIGNED_BAMS/HG00171-ONT-hg38-R10-LSK114-5mCG_5hmCG.phased.bam
HG00231	https://1000g-ont.s3.amazonaws.com/PROCESSED_DATA/ALIGNED_TO_HG38/MINIMAP2_ALIGNED_BAMS/HG00231-ONT-hg38-R10-LSK114-dorado082_sup_5mCG_5hmCG_v500.phased.bam
HG00232	https://1000g-ont.s3.amazonaws.com/PROCESSED_DATA/ALIGNED_TO_HG38/MINIMAP2_ALIGNED_BAMS/HG00232-ONT-hg38-R9-LSK110-guppy637_sup_5mC_5hmC.phased.bam
HG00233	https://1000g-ont.s3.amazonaws.com/PROCESSED_DATA/ALIGNED_TO_HG38/MINIMAP2_ALIGNED_BAMS/HG00233-ONT-hg38-R9-LSK110-dorado050_sup_5mCG_v33.phased.bam
HG00234	https://1000g-ont.s3.amazonaws.com/PROCESSED_DATA/ALIGNED_TO_HG38/MINIMAP2_ALIGNED_BAMS/HG00234-ONT-hg38-R10-LSK114-dorado081_sup_5mCG_5hmCG_v500.phased.bam
HG00236	https://1000g-ont.s3.amazonaws.com/PROCESSED_DATA/ALIGNED_TO_HG38/MINIMAP2_ALIGNED_BAMS/HG00236-ONT-hg38-R10-LSK114-dorado081_sup_5mCG_5hmCG_v500.phased.bam
HG00237	https://1000g-ont.s3.amazonaws.com/PROCESSED_DATA/ALIGNED_TO_HG38/MINIMAP2_ALIGNED_BAMS/HG00237-ONT-hg38-R10-LSK114-5mCG_5hmCG.phased.bam
HG00238	https://1000g-ont.s3.amazonaws.com/PROCESSED_DATA/ALIGNED_TO_HG38/MINIMAP2_ALIGNED_BAMS/HG00238-ONT-hg38-R9-LSK110-dorado050_sup_5mCG_v33.phased.bam
HG00240	https://1000g-ont.s3.amazonaws.com/PROCESSED_DATA/ALIGNED_TO_HG38/MINIMAP2_ALIGNED_BAMS/HG00240-ONT-hg38-R9-LSK110-dorado050_sup_with5mC.phased.bam
HG00245	https://1000g-ont.s3.amazonaws.com/PROCESSED_DATA/ALIGNED_TO_HG38/MINIMAP2_ALIGNED_BAMS/HG00245-ONT-hg38-R9-LSK110-dorado082_sup_5mCG_v33.phased.bam
HG00246	https://1000g-ont.s3.amazonaws.com/PROCESSED_DATA/ALIGNED_TO_HG38/MINIMAP2_ALIGNED_BAMS/HG00246-ONT-hg38-LSK114-R10-dorado081_sup_5mCG_5hmCG_v500.phased.bam
HG00250	https://1000g-ont.s3.amazonaws.com/PROCESSED_DATA/ALIGNED_TO_HG38/MINIMAP2_ALIGNED_BAMS/HG00250-ONT-hg38-LSK114-R10-dorado081_sup_5mCG_5hmCG_v500.phased.bam
HG00253	https://1000g-ont.s3.amazonaws.com/PROCESSED_DATA/ALIGNED_TO_HG38/MINIMAP2_ALIGNED_BAMS/HG00253-ONT-hg38-LSK114-R10-dorado081_sup_5mCG_5hmCG_v500.phased.bam
HG00256	https://1000g-ont.s3.amazonaws.com/PROCESSED_DATA/ALIGNED_TO_HG38/MINIMAP2_ALIGNED_BAMS/HG00256-ONT-hg38-R10-LSK114-dorado082_sup_5mCG_5hmCG_v500.phased.bam
HG00257	https://1000g-ont.s3.amazonaws.com/PROCESSED_DATA/ALIGNED_TO_HG38/MINIMAP2_ALIGNED_BAMS/HG00257-ONT-hg38-R9-LSK110-dorado050_sup_with5mC.phased.bam
HG00259	https://1000g-ont.s3.amazonaws.com/PROCESSED_DATA/ALIGNED_TO_HG38/MINIMAP2_ALIGNED_BAMS/HG00259-ONT-hg38-R10-LSK114-dorado082_sup_5mCG_5hmCG_v500.phased.bam
HG00262	https://1000g-ont.s3.amazonaws.com/PROCESSED_DATA/ALIGNED_TO_HG38/MINIMAP2_ALIGNED_BAMS/HG00262-ONT-hg38-R10-LSK114-5mCG_5hmCG.phased.bam
HG00263	https://1000g-ont.s3.amazonaws.com/PROCESSED_DATA/ALIGNED_TO_HG38/MINIMAP2_ALIGNED_BAMS/HG00263-ONT-hg38-R10-LSK114-dorado034_sup_5mCG_5hmCG_v33.phased.bam
HG00264	https://1000g-ont.s3.amazonaws.com/PROCESSED_DATA/ALIGNED_TO_HG38/MINIMAP2_ALIGNED_BAMS/HG00264-ONT-hg38-R10-LSK114-dorado082_sup_5mCG_5hmCG_v500.phased.bam
HG00277	https://1000g-ont.s3.amazonaws.com/PROCESSED_DATA/ALIGNED_TO_HG38/MINIMAP2_ALIGNED_BAMS/HG00277-ONT-hg38-R10-LSK114-dorado034_sup_5mCG_5hmCG_v33.phased.bam
HG00285	https://1000g-ont.s3.amazonaws.com/PROCESSED_DATA/ALIGNED_TO_HG38/MINIMAP2_ALIGNED_BAMS/HG00285-ONT-hg38-R10-LSK114-dorado090_sup_5mCG_5hmCG_v500.phased.bam
HG00304	https://1000g-ont.s3.amazonaws.com/PROCESSED_DATA/ALIGNED_TO_HG38/MINIMAP2_ALIGNED_BAMS/HG00304-ONT-hg38-R10-LSK114-dorado081_sup_5mCG_5hmCG_v500.phased.bam
HG00318	https://1000g-ont.s3.amazonaws.com/PROCESSED_DATA/ALIGNED_TO_HG38/MINIMAP2_ALIGNED_BAMS/HG00318-ONT-hg38-R10-LSK114-dorado090_sup_5mCG_5hmCG_v500.phased.bam
HG00320	https://1000g-ont.s3.amazonaws.com/PROCESSED_DATA/ALIGNED_TO_HG38/MINIMAP2_ALIGNED_BAMS/HG00320-ONT-hg38-R10-LSK114-dorado082_sup_5mCG_5hmCG_v500.phased.bam
HG00326	https://1000g-ont.s3.amazonaws.com/PROCESSED_DATA/ALIGNED_TO_HG38/MINIMAP2_ALIGNED_BAMS/HG00326-ONT-hg38-R10-LSK114-dorado034_sup_5mCG_5hmCG_v33.phased.bam
HG00331	https://1000g-ont.s3.amazonaws.com/PROCESSED_DATA/ALIGNED_TO_HG38/MINIMAP2_ALIGNED_BAMS/HG00331-ONT-hg38-R9-LSK110-guppy-sup-5hmc_5mc_cg.phased.bam
HG00337	https://1000g-ont.s3.amazonaws.com/PROCESSED_DATA/ALIGNED_TO_HG38/MINIMAP2_ALIGNED_BAMS/HG00337-ONT-hg38-R9-LSK110-dorado050_sup_5mCG_v33.phased.bam
HG00355	https://1000g-ont.s3.amazonaws.com/PROCESSED_DATA/ALIGNED_TO_HG38/MINIMAP2_ALIGNED_BAMS/HG00355-ONT-hg38-R9-LSK110-dorado050_sup_5mCG_v33.phased.bam
HG00372	https://1000g-ont.s3.amazonaws.com/PROCESSED_DATA/ALIGNED_TO_HG38/MINIMAP2_ALIGNED_BAMS/HG00372-ONT-hg38-R10-LSK114-dorado034_sup_5mCG_5hmCG_v33.phased.bam
HG00382	https://1000g-ont.s3.amazonaws.com/PROCESSED_DATA/ALIGNED_TO_HG38/MINIMAP2_ALIGNED_BAMS/HG00382-ONT-hg38-R10-LSK114-dorado081_sup_5mCG_5hmCG_v500.phased.bam
HG00410	https://1000g-ont.s3.amazonaws.com/PROCESSED_DATA/ALIGNED_TO_HG38/MINIMAP2_ALIGNED_BAMS/HG00410-ONT-hg38-R9-LSK110-guppy-sup-5mC.phased.bam
HG00463	https://1000g-ont.s3.amazonaws.com/PROCESSED_DATA/ALIGNED_TO_HG38/MINIMAP2_ALIGNED_BAMS/HG00463-ONT-hg38-R10-LSK114-dorado034_sup_5mCG_5hmCG_v33.phased.bam
HG00473	https://1000g-ont.s3.amazonaws.com/PROCESSED_DATA/ALIGNED_TO_HG38/MINIMAP2_ALIGNED_BAMS/HG00473-ONT-hg38-R9-LSK110-guppy-sup-5mC.phased.bam
HG00513	https://1000g-ont.s3.amazonaws.com/PROCESSED_DATA/ALIGNED_TO_HG38/MINIMAP2_ALIGNED_BAMS/HG00513-ONT-hg38-R10-LSK114-dorado081_sup_5mCG_5hmCG_v500.phased.bam
HG00525	https://1000g-ont.s3.amazonaws.com/PROCESSED_DATA/ALIGNED_TO_HG38/MINIMAP2_ALIGNED_BAMS/HG00525-ONT-hg38-R9-LSK110-guppy-sup-5mC.phased.bam
HG00533	https://1000g-ont.s3.amazonaws.com/PROCESSED_DATA/ALIGNED_TO_HG38/MINIMAP2_ALIGNED_BAMS/HG00533-ONT-hg38-R10-LSK114-dorado081_sup_5mCG_5hmCG_v500.phased.bam
HG00553	https://1000g-ont.s3.amazonaws.com/PROCESSED_DATA/ALIGNED_TO_HG38/MINIMAP2_ALIGNED_BAMS/HG00553-ONT-hg38-R10-LSK114-dorado090_sup_5mCG_5hmCG_v500.phased.bam
HG00556	https://1000g-ont.s3.amazonaws.com/PROCESSED_DATA/ALIGNED_TO_HG38/MINIMAP2_ALIGNED_BAMS/HG00556-ONT-hg38-R10-LSK114-dorado081_sup_5mCG_5hmCG_v500.phased.bam
HG00581	https://1000g-ont.s3.amazonaws.com/PROCESSED_DATA/ALIGNED_TO_HG38/MINIMAP2_ALIGNED_BAMS/HG00581-ONT-hg38-R10-LSK114-dorado081_sup_5mCG_5hmCG_v500.phased.bam
HG00590	https://1000g-ont.s3.amazonaws.com/PROCESSED_DATA/ALIGNED_TO_HG38/MINIMAP2_ALIGNED_BAMS/HG00590-ONT-hg38-R10-LSK114-dorado090_sup_5mCG_5hmCG_v500.phased.bam
HG00598	https://1000g-ont.s3.amazonaws.com/PROCESSED_DATA/ALIGNED_TO_HG38/MINIMAP2_ALIGNED_BAMS/HG00598-ONT-hg38-R10-LSK114-dorado081_sup_5mCG_5hmCG_v500.phased.bam
HG00599	https://1000g-ont.s3.amazonaws.com/PROCESSED_DATA/ALIGNED_TO_HG38/MINIMAP2_ALIGNED_BAMS/HG00599-ONT-hg38-R9-LSK110-guppy-sup-5hmc_5mc_cg.phased.bam
HG00623	https://1000g-ont.s3.amazonaws.com/PROCESSED_DATA/ALIGNED_TO_HG38/MINIMAP2_ALIGNED_BAMS/HG00623-ONT-hg38-R9-LSK110-dorado050_sup_5mCG_v33.phased.bam
HG00625	https://1000g-ont.s3.amazonaws.com/PROCESSED_DATA/ALIGNED_TO_HG38/MINIMAP2_ALIGNED_BAMS/HG00625-ONT-hg38-R10-LSK114-dorado090_sup_5mCG_5hmCG_v500.phased.bam
HG00631	https://1000g-ont.s3.amazonaws.com/PROCESSED_DATA/ALIGNED_TO_HG38/MINIMAP2_ALIGNED_BAMS/HG00631-ONT-hg38-R9-LSK110-guppy-sup-5mC.phased.bam
HG00653	https://1000g-ont.s3.amazonaws.com/PROCESSED_DATA/ALIGNED_TO_HG38/MINIMAP2_ALIGNED_BAMS/HG00653-ONT-hg38-R10-LSK114-dorado090_sup_5mCG_5hmCG_v500.phased.bam
HG00663	https://1000g-ont.s3.amazonaws.com/PROCESSED_DATA/ALIGNED_TO_HG38/MINIMAP2_ALIGNED_BAMS/HG00663-ONT-hg38-R10-LSK114-dorado090_sup_5mCG_5hmCG_v500.phased.bam
HG00674	https://1000g-ont.s3.amazonaws.com/PROCESSED_DATA/ALIGNED_TO_HG38/MINIMAP2_ALIGNED_BAMS/HG00674-ONT-hg38-R10-LSK114-dorado081_sup_5mCG_5hmCG_v500.phased.bam
HG00675	https://1000g-ont.s3.amazonaws.com/PROCESSED_DATA/ALIGNED_TO_HG38/MINIMAP2_ALIGNED_BAMS/HG00675-ONT-hg38-R9-LSK110-guppy-sup-5mC.phased.bam
HG00693	https://1000g-ont.s3.amazonaws.com/PROCESSED_DATA/ALIGNED_TO_HG38/MINIMAP2_ALIGNED_BAMS/HG00693-ONT-hg38-R10-LSK114-dorado090_sup_5mCG_5hmCG_v500.phased.bam
HG00704	https://1000g-ont.s3.amazonaws.com/PROCESSED_DATA/ALIGNED_TO_HG38/MINIMAP2_ALIGNED_BAMS/HG00704-ONT-hg38-R10-LSK114-dorado082_sup_5mCG_5hmCG_v500.phased.bam
HG00705	https://1000g-ont.s3.amazonaws.com/PROCESSED_DATA/ALIGNED_TO_HG38/MINIMAP2_ALIGNED_BAMS/HG00705-ONT-hg38-R9-LSK110-guppy-sup-5hmc_5mc_cg.phased.bam
HG00728	https://1000g-ont.s3.amazonaws.com/PROCESSED_DATA/ALIGNED_TO_HG38/MINIMAP2_ALIGNED_BAMS/HG00728-ONT-hg38-R9-LSK110-guppy-sup-5mC.phased.bam
HG00729	https://1000g-ont.s3.amazonaws.com/PROCESSED_DATA/ALIGNED_TO_HG38/MINIMAP2_ALIGNED_BAMS/HG00729-ONT-hg38-R9-LSK110-dorado050_sup_5mCG_v33.phased.bam
HG00731	https://1000g-ont.s3.amazonaws.com/PROCESSED_DATA/ALIGNED_TO_HG38/MINIMAP2_ALIGNED_BAMS/HG00731-ONT-hg38-R10-LSK114-dorado090_sup_5mCG_5hmCG_v500.phased.bam
HG00742	https://1000g-ont.s3.amazonaws.com/PROCESSED_DATA/ALIGNED_TO_HG38/MINIMAP2_ALIGNED_BAMS/HG00742-ONT-hg38-R10-LSK114-dorado081_sup_5mCG_5hmCG_v500.phased.bam
HG00743	https://1000g-ont.s3.amazonaws.com/PROCESSED_DATA/ALIGNED_TO_HG38/MINIMAP2_ALIGNED_BAMS/HG00743-ONT-hg38-R9-LSK110-guppy657_sup_with5mC_5hmC.phased.bam
HG00978	https://1000g-ont.s3.amazonaws.com/PROCESSED_DATA/ALIGNED_TO_HG38/MINIMAP2_ALIGNED_BAMS/HG00978-ONT-hg38-R9-LSK110-guppy637_sup_5mC_5hmC.phased.bam
HG01029	https://1000g-ont.s3.amazonaws.com/PROCESSED_DATA/ALIGNED_TO_HG38/MINIMAP2_ALIGNED_BAMS/HG01029-ONT-hg38-R9-LSK110-guppy657_sup_5mC_5hmC.phased.bam
HG01031	https://1000g-ont.s3.amazonaws.com/PROCESSED_DATA/ALIGNED_TO_HG38/MINIMAP2_ALIGNED_BAMS/HG01031-ONT-hg38-R9-LSK110-dorado082_sup_5mCG_v33.phased.bam
HG01046	https://1000g-ont.s3.amazonaws.com/PROCESSED_DATA/ALIGNED_TO_HG38/MINIMAP2_ALIGNED_BAMS/HG01046-ONT-hg38-R9-LSK110-guppy-sup-5mC.phased.bam
HG01052	https://1000g-ont.s3.amazonaws.com/PROCESSED_DATA/ALIGNED_TO_HG38/MINIMAP2_ALIGNED_BAMS/HG01052-ONT-hg38-R10-LSK114-dorado090_sup_5mCG_5hmCG_v500.phased.bam
HG01061	https://1000g-ont.s3.amazonaws.com/PROCESSED_DATA/ALIGNED_TO_HG38/MINIMAP2_ALIGNED_BAMS/HG01061-ONT-hg38-R10-LSK114-dorado082_sup_5mCG_5hmCG_v500.phased.bam
HG01063	https://1000g-ont.s3.amazonaws.com/PROCESSED_DATA/ALIGNED_TO_HG38/MINIMAP2_ALIGNED_BAMS/HG01063-ONT-hg38-R10-LSK114-dorado050_sup_5mCG_5hmCG_v430.phased.bam
HG01064	https://1000g-ont.s3.amazonaws.com/PROCESSED_DATA/ALIGNED_TO_HG38/MINIMAP2_ALIGNED_BAMS/HG01064-ONT-hg38-R9-LSK110-guppy637_sup_5mC_5hmC.phased.bam
HG01077	https://1000g-ont.s3.amazonaws.com/PROCESSED_DATA/ALIGNED_TO_HG38/MINIMAP2_ALIGNED_BAMS/HG01077-ONT-hg38-R9-LSK110-dorado082_sup_5mCG_v33.phased.bam
HG01088	https://1000g-ont.s3.amazonaws.com/PROCESSED_DATA/ALIGNED_TO_HG38/MINIMAP2_ALIGNED_BAMS/HG01088-ONT-hg38-R10-LSK114-dorado082_sup_5mCG_5hmCG_v500.phased.bam
HG01092	https://1000g-ont.s3.amazonaws.com/PROCESSED_DATA/ALIGNED_TO_HG38/MINIMAP2_ALIGNED_BAMS/HG01092-ONT-hg38-R9-LSK110-dorado050_sup_5mCG_v33.phased.bam
HG01113	https://1000g-ont.s3.amazonaws.com/PROCESSED_DATA/ALIGNED_TO_HG38/MINIMAP2_ALIGNED_BAMS/HG01113-ONT-hg38-R10-LSK114-dorado090_sup_5mCG_5hmCG_v500.phased.bam
HG01122	https://1000g-ont.s3.amazonaws.com/PROCESSED_DATA/ALIGNED_TO_HG38/MINIMAP2_ALIGNED_BAMS/HG01122-ONT-hg38-R9-LSK110-guppy-sup-5mC.phased.bam
HG01125	https://1000g-ont.s3.amazonaws.com/PROCESSED_DATA/ALIGNED_TO_HG38/MINIMAP2_ALIGNED_BAMS/HG01125-ONT-hg38-R10-LSK114-dorado090_sup_5mCG_5hmCG_v500.phased.bam
HG01161	https://1000g-ont.s3.amazonaws.com/PROCESSED_DATA/ALIGNED_TO_HG38/MINIMAP2_ALIGNED_BAMS/HG01161-ONT-hg38-R9-LSK110-guppy637_sup_5mC_5hmC.phased.bam
HG01164	https://1000g-ont.s3.amazonaws.com/PROCESSED_DATA/ALIGNED_TO_HG38/MINIMAP2_ALIGNED_BAMS/HG01164-ONT-hg38-R9-LSK110-dorado034_sup_5mCG_5hmCG_v33.phased.bam
HG01170	https://1000g-ont.s3.amazonaws.com/PROCESSED_DATA/ALIGNED_TO_HG38/MINIMAP2_ALIGNED_BAMS/HG01170-ONT-hg38-R10-LSK114-dorado082_sup_5mCG_5hmCG_v500.phased.bam
HG01173	https://1000g-ont.s3.amazonaws.com/PROCESSED_DATA/ALIGNED_TO_HG38/MINIMAP2_ALIGNED_BAMS/HG01173-ONT-hg38-R10-LSK114-dorado082_sup_5mCG_5hmCG_v500.phased.bam
HG01190	https://1000g-ont.s3.amazonaws.com/PROCESSED_DATA/ALIGNED_TO_HG38/MINIMAP2_ALIGNED_BAMS/HG01190-ONT-hg38-R10-LSK114-dorado081_sup_5mCG_5hmCG_v500.phased.bam
HG01200	https://1000g-ont.s3.amazonaws.com/PROCESSED_DATA/ALIGNED_TO_HG38/MINIMAP2_ALIGNED_BAMS/HG01200-ONT-hg38-R10-LSK114-dorado090_sup_5mCG_5hmCG_v500.phased.bam
HG01204	https://1000g-ont.s3.amazonaws.com/PROCESSED_DATA/ALIGNED_TO_HG38/MINIMAP2_ALIGNED_BAMS/HG01204-ONT-hg38-R10-LSK114-dorado082_sup_5mCG_5hmCG_v500.phased.bam
HG01250	https://1000g-ont.s3.amazonaws.com/PROCESSED_DATA/ALIGNED_TO_HG38/MINIMAP2_ALIGNED_BAMS/HG01250-ONT-hg38-R10-LSK114-dorado082_sup_5mCG_5hmCG_v500.phased.bam
HG01251	https://1000g-ont.s3.amazonaws.com/PROCESSED_DATA/ALIGNED_TO_HG38/MINIMAP2_ALIGNED_BAMS/HG01251-ONT-hg38-R10-LSK114-dorado081_sup_5mCG_5hmCG_v500.phased.bam
HG01260	https://1000g-ont.s3.amazonaws.com/PROCESSED_DATA/ALIGNED_TO_HG38/MINIMAP2_ALIGNED_BAMS/HG01260-ONT-hg38-R10-LSK114-dorado090_sup_5mCG_5hmCG_v500.phased.bam
HG01271	https://1000g-ont.s3.amazonaws.com/PROCESSED_DATA/ALIGNED_TO_HG38/MINIMAP2_ALIGNED_BAMS/HG01271-ONT-hg38-R10-LSK114-dorado081_sup_5mCG_5hmCG_v500.phased.bam
HG01277	https://1000g-ont.s3.amazonaws.com/PROCESSED_DATA/ALIGNED_TO_HG38/MINIMAP2_ALIGNED_BAMS/HG01277-ONT-hg38-R10-LSK114-dorado081_sup_5mCG_5hmCG_v500.phased.bam
HG01281	https://1000g-ont.s3.amazonaws.com/PROCESSED_DATA/ALIGNED_TO_HG38/MINIMAP2_ALIGNED_BAMS/HG01281-ONT-hg38-R9-LSK110-guppy-sup-5mC.phased.bam
HG01303	https://1000g-ont.s3.amazonaws.com/PROCESSED_DATA/ALIGNED_TO_HG38/MINIMAP2_ALIGNED_BAMS/HG01303-ONT-hg38-R10-LSK114-dorado090_sup_5mCG_5hmCG_v500.phased.bam
HG01305	https://1000g-ont.s3.amazonaws.com/PROCESSED_DATA/ALIGNED_TO_HG38/MINIMAP2_ALIGNED_BAMS/HG01305-ONT-hg38-R10-LSK114-dorado081_sup_5mCG_5hmCG_v500.phased.bam
HG01312	https://1000g-ont.s3.amazonaws.com/PROCESSED_DATA/ALIGNED_TO_HG38/MINIMAP2_ALIGNED_BAMS/HG01312-ONT-hg38-R9-LSK110-guppy-sup-5hmc_5mc_cg.phased.bam
HG01323	https://1000g-ont.s3.amazonaws.com/PROCESSED_DATA/ALIGNED_TO_HG38/MINIMAP2_ALIGNED_BAMS/HG01323-ONT-hg38-R10-LSK114-dorado090_sup_5mCG_5hmCG_v500.phased.bam
HG01326	https://1000g-ont.s3.amazonaws.com/PROCESSED_DATA/ALIGNED_TO_HG38/MINIMAP2_ALIGNED_BAMS/HG01326-ONT-hg38-R10-LSK114-dorado082_sup_5mCG_5hmCG_v500.phased.bam
HG01334	https://1000g-ont.s3.amazonaws.com/PROCESSED_DATA/ALIGNED_TO_HG38/MINIMAP2_ALIGNED_BAMS/HG01334-ONT-hg38-R10-LSK114-dorado090_sup_5mCG_5hmCG_v500.phased.bam
HG01342	https://1000g-ont.s3.amazonaws.com/PROCESSED_DATA/ALIGNED_TO_HG38/MINIMAP2_ALIGNED_BAMS/HG01342-ONT-hg38-R10-LSK114-dorado090_sup_5mCG_5hmCG_v500.phased.bam
HG01363	https://1000g-ont.s3.amazonaws.com/PROCESSED_DATA/ALIGNED_TO_HG38/MINIMAP2_ALIGNED_BAMS/HG01363-ONT-hg38-R9-LSK110-guppy-sup-5hmc_5mc_cg.phased.bam
HG01369	https://1000g-ont.s3.amazonaws.com/PROCESSED_DATA/ALIGNED_TO_HG38/MINIMAP2_ALIGNED_BAMS/HG01369-ONT-hg38-R9-LSK110-guppy-sup-5mC.phased.bam
HG01372	https://1000g-ont.s3.amazonaws.com/PROCESSED_DATA/ALIGNED_TO_HG38/MINIMAP2_ALIGNED_BAMS/HG01372-ONT-hg38-R9-LSK110-guppy-sup-5mC.phased.bam
HG01393	https://1000g-ont.s3.amazonaws.com/PROCESSED_DATA/ALIGNED_TO_HG38/MINIMAP2_ALIGNED_BAMS/HG01393-ONT-hg38-R9-LSK110-dorado050_sup_5mCG_v33.phased.bam
HG01395	https://1000g-ont.s3.amazonaws.com/PROCESSED_DATA/ALIGNED_TO_HG38/MINIMAP2_ALIGNED_BAMS/HG01395-ONT-hg38-R9-LSK110-guppy-sup-5mC.phased.bam
HG01402	https://1000g-ont.s3.amazonaws.com/PROCESSED_DATA/ALIGNED_TO_HG38/MINIMAP2_ALIGNED_BAMS/HG01402-ONT-hg38-R10-LSK114-dorado081_sup_5mCG_5hmCG_v500.phased.bam
HG01403	https://1000g-ont.s3.amazonaws.com/PROCESSED_DATA/ALIGNED_TO_HG38/MINIMAP2_ALIGNED_BAMS/HG01403-ONT-hg38-R9-LSK110-dorado082_sup_5mCG_v33.phased.bam
HG01405	https://1000g-ont.s3.amazonaws.com/PROCESSED_DATA/ALIGNED_TO_HG38/MINIMAP2_ALIGNED_BAMS/HG01405-ONT-hg38-R10-LSK114-dorado081_sup_5mCG_5hmCG_v500.phased.bam
HG01413	https://1000g-ont.s3.amazonaws.com/PROCESSED_DATA/ALIGNED_TO_HG38/MINIMAP2_ALIGNED_BAMS/HG01413-ONT-hg38-R10-LSK114-dorado090_sup_5mCG_5hmCG_v500.phased.bam
HG01414	https://1000g-ont.s3.amazonaws.com/PROCESSED_DATA/ALIGNED_TO_HG38/MINIMAP2_ALIGNED_BAMS/HG01414-ONT-hg38-R9-LSK110-guppy-sup-5mC.phased.bam
HG01435	https://1000g-ont.s3.amazonaws.com/PROCESSED_DATA/ALIGNED_TO_HG38/MINIMAP2_ALIGNED_BAMS/HG01435-ONT-hg38-R10-LSK114-dorado090_sup_5mCG_5hmCG_v500.phased.bam
HG01443	https://1000g-ont.s3.amazonaws.com/PROCESSED_DATA/ALIGNED_TO_HG38/MINIMAP2_ALIGNED_BAMS/HG01443-ONT-hg38-R9-LSK110-dorado082_sup_5mCG_v33.phased.bam
HG01459	https://1000g-ont.s3.amazonaws.com/PROCESSED_DATA/ALIGNED_TO_HG38/MINIMAP2_ALIGNED_BAMS/HG01459-ONT-hg38-R9-LSK110-dorado082_sup_5mCG_v33.phased.bam
HG01461	https://1000g-ont.s3.amazonaws.com/PROCESSED_DATA/ALIGNED_TO_HG38/MINIMAP2_ALIGNED_BAMS/HG01461-ONT-hg38-R10-LSK114-dorado082_sup_5mCG_5hmCG_v500.phased.bam
HG01468	https://1000g-ont.s3.amazonaws.com/PROCESSED_DATA/ALIGNED_TO_HG38/MINIMAP2_ALIGNED_BAMS/HG01468-ONT-hg38-R9-LSK110-guppy-sup-5mC.phased.bam
HG01485	https://1000g-ont.s3.amazonaws.com/PROCESSED_DATA/ALIGNED_TO_HG38/MINIMAP2_ALIGNED_BAMS/HG01485-ONT-hg38-R10-LSK114-dorado082_sup_5mCG_5hmCG_v500.phased.bam
HG01486	https://1000g-ont.s3.amazonaws.com/PROCESSED_DATA/ALIGNED_TO_HG38/MINIMAP2_ALIGNED_BAMS/HG01486-ONT-hg38-R9-LSK110-dorado050_sup_with5mC.phased.bam
HG01501	https://1000g-ont.s3.amazonaws.com/PROCESSED_DATA/ALIGNED_TO_HG38/MINIMAP2_ALIGNED_BAMS/HG01501-ONT-hg38-R9-LSK110-guppy-sup-5hmc_5mc_cg.phased.bam
HG01515	https://1000g-ont.s3.amazonaws.com/PROCESSED_DATA/ALIGNED_TO_HG38/MINIMAP2_ALIGNED_BAMS/HG01515-ONT-hg38-R10-LSK114-dorado081_sup_5mCG_5hmCG_v500.phased.bam
HG01522	https://1000g-ont.s3.amazonaws.com/PROCESSED_DATA/ALIGNED_TO_HG38/MINIMAP2_ALIGNED_BAMS/HG01522-ONT-hg38-R9-LSK110-dorado050_sup_5mCG_v33.phased.bam
HG01593	https://1000g-ont.s3.amazonaws.com/PROCESSED_DATA/ALIGNED_TO_HG38/MINIMAP2_ALIGNED_BAMS/HG01593-ONT-hg38-R9-LSK110-dorado050_sup_5mCG_v33.phased.bam
HG01607	https://1000g-ont.s3.amazonaws.com/PROCESSED_DATA/ALIGNED_TO_HG38/MINIMAP2_ALIGNED_BAMS/HG01607-ONT-hg38-R9-LSK110-dorado050_sup_5mCG_v33.phased.bam
HG01613	https://1000g-ont.s3.amazonaws.com/PROCESSED_DATA/ALIGNED_TO_HG38/MINIMAP2_ALIGNED_BAMS/HG01613-ONT-hg38-R9-LSK110-dorado050_sup_5mCG_v33.phased.bam
HG01615	https://1000g-ont.s3.amazonaws.com/PROCESSED_DATA/ALIGNED_TO_HG38/MINIMAP2_ALIGNED_BAMS/HG01615-ONT-hg38-R9-LSK110-guppy-sup-5mC.phased.bam
HG01669	https://1000g-ont.s3.amazonaws.com/PROCESSED_DATA/ALIGNED_TO_HG38/MINIMAP2_ALIGNED_BAMS/HG01669-ONT-hg38-R10-LSK114-dorado081_sup_5mCG_5hmCG_v500.phased.bam
HG01682	https://1000g-ont.s3.amazonaws.com/PROCESSED_DATA/ALIGNED_TO_HG38/MINIMAP2_ALIGNED_BAMS/HG01682-ONT-hg38-R10-LSK114-dorado090_sup_5mCG_5hmCG_v500.phased.bam
HG01686	https://1000g-ont.s3.amazonaws.com/PROCESSED_DATA/ALIGNED_TO_HG38/MINIMAP2_ALIGNED_BAMS/HG01686-ONT-hg38-R10-LSK114-dorado081_sup_5mCG_5hmCG_v500.phased.bam
HG01695	https://1000g-ont.s3.amazonaws.com/PROCESSED_DATA/ALIGNED_TO_HG38/MINIMAP2_ALIGNED_BAMS/HG01695-ONT-hg38-R9-LSK110-guppy-sup-5mC.phased.bam
HG01762	https://1000g-ont.s3.amazonaws.com/PROCESSED_DATA/ALIGNED_TO_HG38/MINIMAP2_ALIGNED_BAMS/HG01762-ONT-hg38-R9-LSK110-dorado082_sup_5mCG_v33.phased.bam
HG01771	https://1000g-ont.s3.amazonaws.com/PROCESSED_DATA/ALIGNED_TO_HG38/MINIMAP2_ALIGNED_BAMS/HG01771-ONT-hg38-R10-LSK114-dorado090_sup_5mCG_5hmCG_v500.phased.bam
HG01790	https://1000g-ont.s3.amazonaws.com/PROCESSED_DATA/ALIGNED_TO_HG38/MINIMAP2_ALIGNED_BAMS/HG01790-ONT-hg38-R9-LSK110-guppy-sup-5mC.phased.bam
HG01795	https://1000g-ont.s3.amazonaws.com/PROCESSED_DATA/ALIGNED_TO_HG38/MINIMAP2_ALIGNED_BAMS/HG01795-ONT-hg38-R10-LSK114-dorado082_sup_5mCG_5hmCG_v500.phased.bam
HG01797	https://1000g-ont.s3.amazonaws.com/PROCESSED_DATA/ALIGNED_TO_HG38/MINIMAP2_ALIGNED_BAMS/HG01797-ONT-hg38-R9-LSK110-guppy-sup-5mC.phased.bam
HG01801	https://1000g-ont.s3.amazonaws.com/PROCESSED_DATA/ALIGNED_TO_HG38/MINIMAP2_ALIGNED_BAMS/HG01801-ONT-hg38-R9-LSK110-guppy-sup-5mC.phased.bam
HG01802	https://1000g-ont.s3.amazonaws.com/PROCESSED_DATA/ALIGNED_TO_HG38/MINIMAP2_ALIGNED_BAMS/HG01802-ONT-hg38-R10-LSK114-dorado081_sup_5mCG_5hmCG_v500.phased.bam
HG01804	https://1000g-ont.s3.amazonaws.com/PROCESSED_DATA/ALIGNED_TO_HG38/MINIMAP2_ALIGNED_BAMS/HG01804-ONT-hg38-R10-LSK114-dorado081_sup_5mCG_5hmCG_v500.phased.bam
HG01808	https://1000g-ont.s3.amazonaws.com/PROCESSED_DATA/ALIGNED_TO_HG38/MINIMAP2_ALIGNED_BAMS/HG01808-ONT-hg38-R10-LSK114-dorado090_sup_5mCG_5hmCG_v500.phased.bam
HG01811	https://1000g-ont.s3.amazonaws.com/PROCESSED_DATA/ALIGNED_TO_HG38/MINIMAP2_ALIGNED_BAMS/HG01811-ONT-hg38-R10-LSK114-dorado090_sup_5mCG_5hmCG_v500.phased.bam
HG01812	https://1000g-ont.s3.amazonaws.com/PROCESSED_DATA/ALIGNED_TO_HG38/MINIMAP2_ALIGNED_BAMS/HG01812-ONT-hg38-R9-LSK110-guppy-sup-5mC.phased.bam
HG01816	https://1000g-ont.s3.amazonaws.com/PROCESSED_DATA/ALIGNED_TO_HG38/MINIMAP2_ALIGNED_BAMS/HG01816-ONT-hg38-R10-LSK114-dorado090_sup_5mCG_5hmCG_v500.phased.bam
HG01841	https://1000g-ont.s3.amazonaws.com/PROCESSED_DATA/ALIGNED_TO_HG38/MINIMAP2_ALIGNED_BAMS/HG01841-ONT-hg38-R10-LSK114-dorado081_sup_5mCG_5hmCG_v500.phased.bam
HG01842	https://1000g-ont.s3.amazonaws.com/PROCESSED_DATA/ALIGNED_TO_HG38/MINIMAP2_ALIGNED_BAMS/HG01842-ONT-hg38-R10-LSK114-dorado090_sup_5mCG_5hmCG_v500.phased.bam
HG01843	https://1000g-ont.s3.amazonaws.com/PROCESSED_DATA/ALIGNED_TO_HG38/MINIMAP2_ALIGNED_BAMS/HG01843-ONT-hg38-R9-LSK110-dorado050_sup_with5mC.phased.bam
HG01844	https://1000g-ont.s3.amazonaws.com/PROCESSED_DATA/ALIGNED_TO_HG38/MINIMAP2_ALIGNED_BAMS/HG01844-ONT-hg38-R9-LSK110-dorado050_sup_with5mC.phased.bam
HG01845	https://1000g-ont.s3.amazonaws.com/PROCESSED_DATA/ALIGNED_TO_HG38/MINIMAP2_ALIGNED_BAMS/HG01845-ONT-hg38-R10-LSK114-dorado081_sup_5mCG_5hmCG_v500.phased.bam
HG01848	https://1000g-ont.s3.amazonaws.com/PROCESSED_DATA/ALIGNED_TO_HG38/MINIMAP2_ALIGNED_BAMS/HG01848-ONT-hg38-R9-LSK110-dorado082_sup_5mCG_v33.phased.bam
HG01849	https://1000g-ont.s3.amazonaws.com/PROCESSED_DATA/ALIGNED_TO_HG38/MINIMAP2_ALIGNED_BAMS/HG01849-ONT-hg38-R9-LSK110-guppy657_sup_with5mC_5hmC.phased.bam
HG01850	https://1000g-ont.s3.amazonaws.com/PROCESSED_DATA/ALIGNED_TO_HG38/MINIMAP2_ALIGNED_BAMS/HG01850-ONT-hg38-R10-LSK114-dorado090_sup_5mCG_5hmCG_v500.phased.bam
HG01852	https://1000g-ont.s3.amazonaws.com/PROCESSED_DATA/ALIGNED_TO_HG38/MINIMAP2_ALIGNED_BAMS/HG01852-ONT-hg38-R10-LSK114-dorado081_sup_5mCG_5hmCG_v500.phased.bam
HG01855	https://1000g-ont.s3.amazonaws.com/PROCESSED_DATA/ALIGNED_TO_HG38/MINIMAP2_ALIGNED_BAMS/HG01855-ONT-hg38-R10-LSK114-dorado081_sup_5mCG_5hmCG_v500.phased.bam
HG01857	https://1000g-ont.s3.amazonaws.com/PROCESSED_DATA/ALIGNED_TO_HG38/MINIMAP2_ALIGNED_BAMS/HG01857-ONT-hg38-R10-LSK114-dorado090_sup_5mCG_5hmCG_v500.phased.bam
HG01858	https://1000g-ont.s3.amazonaws.com/PROCESSED_DATA/ALIGNED_TO_HG38/MINIMAP2_ALIGNED_BAMS/HG01858-ONT-hg38-R9-LSK110-guppy637_sup_5mC_5hmC.phased.bam
HG01860	https://1000g-ont.s3.amazonaws.com/PROCESSED_DATA/ALIGNED_TO_HG38/MINIMAP2_ALIGNED_BAMS/HG01860-ONT-hg38-R10-LSK114-dorado090_sup_5mCG_5hmCG_v500.phased.bam
HG01861	https://1000g-ont.s3.amazonaws.com/PROCESSED_DATA/ALIGNED_TO_HG38/MINIMAP2_ALIGNED_BAMS/HG01861-ONT-hg38-R10-LSK114-dorado090_sup_5mCG_5hmCG_v500.phased.bam
HG01862	https://1000g-ont.s3.amazonaws.com/PROCESSED_DATA/ALIGNED_TO_HG38/MINIMAP2_ALIGNED_BAMS/HG01862-ONT-hg38-R9-LSK110-guppy-sup-5hmc_5mc_cg.phased.bam
HG01864	https://1000g-ont.s3.amazonaws.com/PROCESSED_DATA/ALIGNED_TO_HG38/MINIMAP2_ALIGNED_BAMS/HG01864-ONT-hg38-R9-LSK110-dorado082_sup_5mCG_v33.phased.bam
HG01867	https://1000g-ont.s3.amazonaws.com/PROCESSED_DATA/ALIGNED_TO_HG38/MINIMAP2_ALIGNED_BAMS/HG01867-ONT-hg38-R10-LSK114-dorado081_sup_5mCG_5hmCG_v500.phased.bam
HG01868	https://1000g-ont.s3.amazonaws.com/PROCESSED_DATA/ALIGNED_TO_HG38/MINIMAP2_ALIGNED_BAMS/HG01868-ONT-hg38-R9-LSK110-guppy637_sup_5mC_5hmC.phased.bam
HG01869	https://1000g-ont.s3.amazonaws.com/PROCESSED_DATA/ALIGNED_TO_HG38/MINIMAP2_ALIGNED_BAMS/HG01869-ONT-hg38-R10-LSK114-dorado090_sup_5mCG_5hmCG_v500.phased.bam
HG01874	https://1000g-ont.s3.amazonaws.com/PROCESSED_DATA/ALIGNED_TO_HG38/MINIMAP2_ALIGNED_BAMS/HG01874-ONT-hg38-LSK110-R9-dorado082_sup_5mCG_v33.phased.bam
HG01878	https://1000g-ont.s3.amazonaws.com/PROCESSED_DATA/ALIGNED_TO_HG38/MINIMAP2_ALIGNED_BAMS/HG01878-ONT-hg38-R9-LSK110-dorado050_sup_with5mC.phased.bam
HG01893	https://1000g-ont.s3.amazonaws.com/PROCESSED_DATA/ALIGNED_TO_HG38/MINIMAP2_ALIGNED_BAMS/HG01893-ONT-hg38-R10-LSK114-dorado082_sup_5mCG_5hmCG_v500.phased.bam
HG01920	https://1000g-ont.s3.amazonaws.com/PROCESSED_DATA/ALIGNED_TO_HG38/MINIMAP2_ALIGNED_BAMS/HG01920-ONT-hg38-R10-LSK114-dorado081_sup_5mCG_5hmCG_v500.phased.bam
HG01970	https://1000g-ont.s3.amazonaws.com/PROCESSED_DATA/ALIGNED_TO_HG38/MINIMAP2_ALIGNED_BAMS/HG01970-ONT-hg38-R10-LSK114-dorado081_sup_5mCG_5hmCG_v500.phased.bam
HG01973	https://1000g-ont.s3.amazonaws.com/PROCESSED_DATA/ALIGNED_TO_HG38/MINIMAP2_ALIGNED_BAMS/HG01973-ONT-hg38-R10-LSK114-dorado090_sup_5mCG_5hmCG_v500.phased.bam
HG02025	https://1000g-ont.s3.amazonaws.com/PROCESSED_DATA/ALIGNED_TO_HG38/MINIMAP2_ALIGNED_BAMS/HG02025-ONT-hg38-R10-LSK114-dorado090_sup_5mCG_5hmCG_v500.phased.bam
HG02026	https://1000g-ont.s3.amazonaws.com/PROCESSED_DATA/ALIGNED_TO_HG38/MINIMAP2_ALIGNED_BAMS/HG02026-ONT-hg38-R10-LSK114-dorado090_sup_5mCG_5hmCG_v500.phased.bam
HG02035	https://1000g-ont.s3.amazonaws.com/PROCESSED_DATA/ALIGNED_TO_HG38/MINIMAP2_ALIGNED_BAMS/HG02035-ONT-hg38-R10-LSK114-dorado090_sup_5mCG_5hmCG_v500.phased.bam
HG02048	https://1000g-ont.s3.amazonaws.com/PROCESSED_DATA/ALIGNED_TO_HG38/MINIMAP2_ALIGNED_BAMS/HG02048-ONT-hg38-R9-LSK110-guppy-sup-5mC.phased.bam
HG02049	https://1000g-ont.s3.amazonaws.com/PROCESSED_DATA/ALIGNED_TO_HG38/MINIMAP2_ALIGNED_BAMS/HG02049-ONT-hg38-R9-LSK110-dorado050_sup_5mCG_v33.phased.bam
HG02050	https://1000g-ont.s3.amazonaws.com/PROCESSED_DATA/ALIGNED_TO_HG38/MINIMAP2_ALIGNED_BAMS/HG02050-ONT-hg38-R9-LSK110-dorado082_sup_5mCG_v33.phased.bam
HG02051	https://1000g-ont.s3.amazonaws.com/PROCESSED_DATA/ALIGNED_TO_HG38/MINIMAP2_ALIGNED_BAMS/HG02051-ONT-hg38-R9-LSK110-guppy-sup-5hmc_5mc_cg.phased.bam
HG02086	https://1000g-ont.s3.amazonaws.com/PROCESSED_DATA/ALIGNED_TO_HG38/MINIMAP2_ALIGNED_BAMS/HG02086-ONT-hg38-R10-LSK114-dorado090_sup_5mCG_5hmCG_v500.phased.bam
HG02088	https://1000g-ont.s3.amazonaws.com/PROCESSED_DATA/ALIGNED_TO_HG38/MINIMAP2_ALIGNED_BAMS/HG02088-ONT-hg38-R10-LSK114-dorado090_sup_5mCG_5hmCG_v500.phased.bam
HG02090	https://1000g-ont.s3.amazonaws.com/PROCESSED_DATA/ALIGNED_TO_HG38/MINIMAP2_ALIGNED_BAMS/HG02090-ONT-hg38-R9-LSK110-guppy657_sup_5mC_5hmC.phased.bam
HG02102	https://1000g-ont.s3.amazonaws.com/PROCESSED_DATA/ALIGNED_TO_HG38/MINIMAP2_ALIGNED_BAMS/HG02102-ONT-hg38-R9-LSK110-guppy-sup-5hmc_5mc_cg.phased.bam
HG02113	https://1000g-ont.s3.amazonaws.com/PROCESSED_DATA/ALIGNED_TO_HG38/MINIMAP2_ALIGNED_BAMS/HG02113-ONT-hg38-R9-LSK110-dorado082_sup_5mCG_v33.phased.bam
HG02134	https://1000g-ont.s3.amazonaws.com/PROCESSED_DATA/ALIGNED_TO_HG38/MINIMAP2_ALIGNED_BAMS/HG02134-ONT-hg38-R10-LSK114-dorado090_sup_5mCG_5hmCG_v500.phased.bam
HG02140	https://1000g-ont.s3.amazonaws.com/PROCESSED_DATA/ALIGNED_TO_HG38/MINIMAP2_ALIGNED_BAMS/HG02140-ONT-hg38-R10-LSK114-dorado090_sup_5mCG_5hmCG_v500.phased.bam
HG02141	https://1000g-ont.s3.amazonaws.com/PROCESSED_DATA/ALIGNED_TO_HG38/MINIMAP2_ALIGNED_BAMS/HG02141-ONT-hg38-R10-LSK114-dorado090_sup_5mCG_5hmCG_v500.phased.bam
HG02142	https://1000g-ont.s3.amazonaws.com/PROCESSED_DATA/ALIGNED_TO_HG38/MINIMAP2_ALIGNED_BAMS/HG02142-ONT-hg38-R9-LSK110-dorado050_sup_5mCG_v33.phased.bam
HG02150	https://1000g-ont.s3.amazonaws.com/PROCESSED_DATA/ALIGNED_TO_HG38/MINIMAP2_ALIGNED_BAMS/HG02150-ONT-hg38-R9-LSK110-dorado050_sup_5mCG_v33.phased.bam
HG02151	https://1000g-ont.s3.amazonaws.com/PROCESSED_DATA/ALIGNED_TO_HG38/MINIMAP2_ALIGNED_BAMS/HG02151-ONT-hg38-R9-LSK110-dorado082_sup_5mCG_v33.phased.bam
HG02166	https://1000g-ont.s3.amazonaws.com/PROCESSED_DATA/ALIGNED_TO_HG38/MINIMAP2_ALIGNED_BAMS/HG02166-ONT-hg38-R9-LSK110-dorado050_sup_5mCG_v33.phased.bam
HG02179	https://1000g-ont.s3.amazonaws.com/PROCESSED_DATA/ALIGNED_TO_HG38/MINIMAP2_ALIGNED_BAMS/HG02179-ONT-hg38-R10-LSK114-dorado090_sup_5mCG_5hmCG_v500.phased.bam
HG02181	https://1000g-ont.s3.amazonaws.com/PROCESSED_DATA/ALIGNED_TO_HG38/MINIMAP2_ALIGNED_BAMS/HG02181-ONT-hg38-R10-LSK114-dorado090_sup_5mCG_5hmCG_v500.phased.bam
HG02185	https://1000g-ont.s3.amazonaws.com/PROCESSED_DATA/ALIGNED_TO_HG38/MINIMAP2_ALIGNED_BAMS/HG02185-ONT-hg38-R9-LSK110-guppy-sup-5mC.phased.bam
HG02186	https://1000g-ont.s3.amazonaws.com/PROCESSED_DATA/ALIGNED_TO_HG38/MINIMAP2_ALIGNED_BAMS/HG02186-ONT-hg38-R10-LSK114-dorado090_sup_5mCG_5hmCG_v500.phased.bam
HG02187	https://1000g-ont.s3.amazonaws.com/PROCESSED_DATA/ALIGNED_TO_HG38/MINIMAP2_ALIGNED_BAMS/HG02187-ONT-hg38-R10-LSK114-dorado090_sup_5mCG_5hmCG_v500.phased.bam
HG02188	https://1000g-ont.s3.amazonaws.com/PROCESSED_DATA/ALIGNED_TO_HG38/MINIMAP2_ALIGNED_BAMS/HG02188-ONT-hg38-R9-LSK110-dorado050_sup_5mCG_v33.phased.bam
HG02190	https://1000g-ont.s3.amazonaws.com/PROCESSED_DATA/ALIGNED_TO_HG38/MINIMAP2_ALIGNED_BAMS/HG02190-ONT-hg38-R9-LSK110-dorado050_sup_5mCG_v33.phased.bam
HG02215	https://1000g-ont.s3.amazonaws.com/PROCESSED_DATA/ALIGNED_TO_HG38/MINIMAP2_ALIGNED_BAMS/HG02215-ONT-hg38-R9-LSK110-dorado050_sup_5mCG_v33.phased.bam
HG02220	https://1000g-ont.s3.amazonaws.com/PROCESSED_DATA/ALIGNED_TO_HG38/MINIMAP2_ALIGNED_BAMS/HG02220-ONT-hg38-R10-LSK114-dorado090_sup_5mCG_5hmCG_v500.phased.bam
HG02230	https://1000g-ont.s3.amazonaws.com/PROCESSED_DATA/ALIGNED_TO_HG38/MINIMAP2_ALIGNED_BAMS/HG02230-ONT-hg38-R10-LSK114-dorado090_sup_5mCG_5hmCG_v500.phased.bam
HG02232	https://1000g-ont.s3.amazonaws.com/PROCESSED_DATA/ALIGNED_TO_HG38/MINIMAP2_ALIGNED_BAMS/HG02232-ONT-hg38-R10-LSK114-dorado090_sup_5mCG_5hmCG_v500.phased.bam
HG02236	https://1000g-ont.s3.amazonaws.com/PROCESSED_DATA/ALIGNED_TO_HG38/MINIMAP2_ALIGNED_BAMS/HG02236-ONT-hg38-R10-LSK114-dorado090_sup_5mCG_5hmCG_v500.phased.bam
HG02252	https://1000g-ont.s3.amazonaws.com/PROCESSED_DATA/ALIGNED_TO_HG38/MINIMAP2_ALIGNED_BAMS/HG02252-ONT-hg38-R9-LSK110-guppy-sup-5mC.phased.bam
HG02262	https://1000g-ont.s3.amazonaws.com/PROCESSED_DATA/ALIGNED_TO_HG38/MINIMAP2_ALIGNED_BAMS/HG02262-ONT-hg38-R9-LSK110-guppy-sup-5mC.phased.bam
HG02282	https://1000g-ont.s3.amazonaws.com/PROCESSED_DATA/ALIGNED_TO_HG38/MINIMAP2_ALIGNED_BAMS/HG02282-ONT-hg38-R9-LSK110-guppy-sup-5mC.phased.bam
HG02301	https://1000g-ont.s3.amazonaws.com/PROCESSED_DATA/ALIGNED_TO_HG38/MINIMAP2_ALIGNED_BAMS/HG02301-ONT-hg38-R10-LSK114-dorado090_sup_5mCG_5hmCG_v500.phased.bam
HG02304	https://1000g-ont.s3.amazonaws.com/PROCESSED_DATA/ALIGNED_TO_HG38/MINIMAP2_ALIGNED_BAMS/HG02304-ONT-hg38-R9-LSK110-dorado082_sup_5mCG_v33.phased.bam
HG02312	https://1000g-ont.s3.amazonaws.com/PROCESSED_DATA/ALIGNED_TO_HG38/MINIMAP2_ALIGNED_BAMS/HG02312-ONT-hg38-R9-LSK110-guppy-sup-5hmc_5mc_cg.phased.bam
HG02330	https://1000g-ont.s3.amazonaws.com/PROCESSED_DATA/ALIGNED_TO_HG38/MINIMAP2_ALIGNED_BAMS/HG02330-ONT-hg38-R9-LSK110-dorado050_sup_5mCG_v33.phased.bam
HG02334	https://1000g-ont.s3.amazonaws.com/PROCESSED_DATA/ALIGNED_TO_HG38/MINIMAP2_ALIGNED_BAMS/HG02334-ONT-hg38-R10-LSK114-dorado090_sup_5mCG_5hmCG_v500.phased.bam
HG02339	https://1000g-ont.s3.amazonaws.com/PROCESSED_DATA/ALIGNED_TO_HG38/MINIMAP2_ALIGNED_BAMS/HG02339-ONT-hg38-R9-LSK110-dorado034_sup_5mCG_5hmCG_v33.phased.bam
HG02343	https://1000g-ont.s3.amazonaws.com/PROCESSED_DATA/ALIGNED_TO_HG38/MINIMAP2_ALIGNED_BAMS/HG02343-ONT-hg38-R9-LSK110-dorado050_sup_5mCG_v33.phased.bam
HG02345	https://1000g-ont.s3.amazonaws.com/PROCESSED_DATA/ALIGNED_TO_HG38/MINIMAP2_ALIGNED_BAMS/HG02345-ONT-hg38-R9-LSK110-guppy-sup-5mC.phased.bam
HG02348	https://1000g-ont.s3.amazonaws.com/PROCESSED_DATA/ALIGNED_TO_HG38/MINIMAP2_ALIGNED_BAMS/HG02348-ONT-hg38-R9-LSK110-dorado050_sup_5mCG_v33.phased.bam
HG02351	https://1000g-ont.s3.amazonaws.com/PROCESSED_DATA/ALIGNED_TO_HG38/MINIMAP2_ALIGNED_BAMS/HG02351-ONT-hg38-R10-LSK114-dorado090_sup_5mCG_5hmCG_v500.phased.bam
HG02353	https://1000g-ont.s3.amazonaws.com/PROCESSED_DATA/ALIGNED_TO_HG38/MINIMAP2_ALIGNED_BAMS/HG02353-ONT-hg38-R10-LSK114-dorado090_sup_5mCG_5hmCG_v500.phased.bam
HG02355	https://1000g-ont.s3.amazonaws.com/PROCESSED_DATA/ALIGNED_TO_HG38/MINIMAP2_ALIGNED_BAMS/HG02355-ONT-hg38-R9-LSK110-dorado082_sup_5mCG_v33.phased.bam
HG02356	https://1000g-ont.s3.amazonaws.com/PROCESSED_DATA/ALIGNED_TO_HG38/MINIMAP2_ALIGNED_BAMS/HG02356-ONT-hg38-R10-LSK114-dorado090_sup_5mCG_5hmCG_v500.phased.bam
HG02360	https://1000g-ont.s3.amazonaws.com/PROCESSED_DATA/ALIGNED_TO_HG38/MINIMAP2_ALIGNED_BAMS/HG02360-ONT-hg38-R9-LSK110-dorado050_sup_with5mC.phased.bam
HG02373	https://1000g-ont.s3.amazonaws.com/PROCESSED_DATA/ALIGNED_TO_HG38/MINIMAP2_ALIGNED_BAMS/HG02373-ONT-hg38-R9-LSK110-guppy-sup-5mC.phased.bam
HG02374	https://1000g-ont.s3.amazonaws.com/PROCESSED_DATA/ALIGNED_TO_HG38/MINIMAP2_ALIGNED_BAMS/HG02374-ONT-hg38-R10-LSK114-dorado090_sup_5mCG_5hmCG_v500.phased.bam
HG02379	https://1000g-ont.s3.amazonaws.com/PROCESSED_DATA/ALIGNED_TO_HG38/MINIMAP2_ALIGNED_BAMS/HG02379-ONT-hg38-R9-LSK110-dorado082_sup_5mCG_v33.phased.bam
HG02380	https://1000g-ont.s3.amazonaws.com/PROCESSED_DATA/ALIGNED_TO_HG38/MINIMAP2_ALIGNED_BAMS/HG02380-ONT-hg38-R10-LSK114-dorado090_sup_5mCG_5hmCG_v500.phased.bam
HG02385	https://1000g-ont.s3.amazonaws.com/PROCESSED_DATA/ALIGNED_TO_HG38/MINIMAP2_ALIGNED_BAMS/HG02385-ONT-hg38-R9-LSK110-dorado082_sup_5mCG_v33.phased.bam
HG02389	https://1000g-ont.s3.amazonaws.com/PROCESSED_DATA/ALIGNED_TO_HG38/MINIMAP2_ALIGNED_BAMS/HG02389-ONT-hg38-R9-LSK110-guppy-sup-5mC.phased.bam
HG02394	https://1000g-ont.s3.amazonaws.com/PROCESSED_DATA/ALIGNED_TO_HG38/MINIMAP2_ALIGNED_BAMS/HG02394-ONT-hg38-R10-LSK114-dorado090_sup_5mCG_5hmCG_v500.phased.bam
HG02396	https://1000g-ont.s3.amazonaws.com/PROCESSED_DATA/ALIGNED_TO_HG38/MINIMAP2_ALIGNED_BAMS/HG02396-ONT-hg38-R9-LSK110-guppy-sup-5mC.phased.bam
HG02409	https://1000g-ont.s3.amazonaws.com/PROCESSED_DATA/ALIGNED_TO_HG38/MINIMAP2_ALIGNED_BAMS/HG02409-ONT-hg38-R9-LSK110-guppy-sup-5mC.phased.bam
HG02425	https://1000g-ont.s3.amazonaws.com/PROCESSED_DATA/ALIGNED_TO_HG38/MINIMAP2_ALIGNED_BAMS/HG02425-ONT-hg38-R9-LSK110_dorado050_sup_5mCG.phased.bam
HG02439	https://1000g-ont.s3.amazonaws.com/PROCESSED_DATA/ALIGNED_TO_HG38/MINIMAP2_ALIGNED_BAMS/HG02439-ONT-hg38-R9-LSK110-dorado034_sup_5mCG_5hmCG_v33.phased.bam
HG02461	https://1000g-ont.s3.amazonaws.com/PROCESSED_DATA/ALIGNED_TO_HG38/MINIMAP2_ALIGNED_BAMS/HG02461-ONT-hg38-R9-LSK110-dorado050_sup_5mCG_v33.phased.bam
HG02462	https://1000g-ont.s3.amazonaws.com/PROCESSED_DATA/ALIGNED_TO_HG38/MINIMAP2_ALIGNED_BAMS/HG02462-ONT-hg38-R9-LSK110-dorado096_sup_5mCG_v01.phased.bam
HG02464	https://1000g-ont.s3.amazonaws.com/PROCESSED_DATA/ALIGNED_TO_HG38/MINIMAP2_ALIGNED_BAMS/HG02464-ONT-hg38-R9-LSK110-dorado096_sup_5mCG_v01.phased.bam
HG02465	https://1000g-ont.s3.amazonaws.com/PROCESSED_DATA/ALIGNED_TO_HG38/MINIMAP2_ALIGNED_BAMS/HG02465-ONT-hg38-R9-LSK110-dorado050_sup_5mCG_v33.phased.bam
HG02470	https://1000g-ont.s3.amazonaws.com/PROCESSED_DATA/ALIGNED_TO_HG38/MINIMAP2_ALIGNED_BAMS/HG02470-ONT-hg38-R10-LSK114-dorado090_sup_5mCG_5hmCG_v500.phased.bam
HG02471	https://1000g-ont.s3.amazonaws.com/PROCESSED_DATA/ALIGNED_TO_HG38/MINIMAP2_ALIGNED_BAMS/HG02471-ONT-hg38-R9-LSK110-dorado034_sup_5mCG_5hmCG_v33.phased.bam
HG02479	https://1000g-ont.s3.amazonaws.com/PROCESSED_DATA/ALIGNED_TO_HG38/MINIMAP2_ALIGNED_BAMS/HG02479-ONT-hg38-R9-LSK110-dorado050_sup_5mCG_v33.phased.bam
HG02484	https://1000g-ont.s3.amazonaws.com/PROCESSED_DATA/ALIGNED_TO_HG38/MINIMAP2_ALIGNED_BAMS/HG02484-ONT-hg38-R10-LSK114-dorado090_sup_5mCG_5hmCG_v500.phased.bam
HG02491	https://1000g-ont.s3.amazonaws.com/PROCESSED_DATA/ALIGNED_TO_HG38/MINIMAP2_ALIGNED_BAMS/HG02491-ONT-hg38-R9-LSK110-guppy657_sup_5mC_5hmC.phased.bam
HG02497	https://1000g-ont.s3.amazonaws.com/PROCESSED_DATA/ALIGNED_TO_HG38/MINIMAP2_ALIGNED_BAMS/HG02497-ONT-hg38-R9-LSK110-dorado050_sup_5mCG_v33.phased.bam
HG02501	https://1000g-ont.s3.amazonaws.com/PROCESSED_DATA/ALIGNED_TO_HG38/MINIMAP2_ALIGNED_BAMS/HG02501-ONT-hg38-R9-LSK110-dorado050_sup_5mCG_v33.phased.bam
HG02502	https://1000g-ont.s3.amazonaws.com/PROCESSED_DATA/ALIGNED_TO_HG38/MINIMAP2_ALIGNED_BAMS/HG02502-ONT-hg38-R9-LSK110-guppy-sup-5mC.phased.bam
HG02511	https://1000g-ont.s3.amazonaws.com/PROCESSED_DATA/ALIGNED_TO_HG38/MINIMAP2_ALIGNED_BAMS/HG02511-ONT-hg38-R9-LSK110-dorado034_sup_5mCG_5hmCG_v33.phased.bam
HG02541	https://1000g-ont.s3.amazonaws.com/PROCESSED_DATA/ALIGNED_TO_HG38/MINIMAP2_ALIGNED_BAMS/HG02541-ONT-hg38-R9-LSK110-dorado050_sup_with5mC.phased.bam
HG02549	https://1000g-ont.s3.amazonaws.com/PROCESSED_DATA/ALIGNED_TO_HG38/MINIMAP2_ALIGNED_BAMS/HG02549-ONT-hg38-R10-LSK114-dorado090_sup_5mCG_5hmCG_v500.phased.bam
HG02555	https://1000g-ont.s3.amazonaws.com/PROCESSED_DATA/ALIGNED_TO_HG38/MINIMAP2_ALIGNED_BAMS/HG02555-ONT-hg38-R10-LSK114-dorado090_sup_5mCG_5hmCG_v500.phased.bam
HG02570	https://1000g-ont.s3.amazonaws.com/PROCESSED_DATA/ALIGNED_TO_HG38/MINIMAP2_ALIGNED_BAMS/HG02570-ONT-hg38-R9-LSK110-dorado096_sup_5mCG_v01.phased.bam
HG02571	https://1000g-ont.s3.amazonaws.com/PROCESSED_DATA/ALIGNED_TO_HG38/MINIMAP2_ALIGNED_BAMS/HG02571-ONT-hg38-R9-LSK110_dorado050_sup_5mCG.phased.bam
HG02594	https://1000g-ont.s3.amazonaws.com/PROCESSED_DATA/ALIGNED_TO_HG38/MINIMAP2_ALIGNED_BAMS/HG02594-ONT-hg38-R10-LSK114-dorado090_sup_5mCG_5hmCG_v500.phased.bam
HG02601	https://1000g-ont.s3.amazonaws.com/PROCESSED_DATA/ALIGNED_TO_HG38/MINIMAP2_ALIGNED_BAMS/HG02601-ONT-hg38-R10-LSK114-dorado090_sup_5mCG_5hmCG_v500.phased.bam
HG02613	https://1000g-ont.s3.amazonaws.com/PROCESSED_DATA/ALIGNED_TO_HG38/MINIMAP2_ALIGNED_BAMS/HG02613-ONT-hg38-R9-LSK110-dorado050_sup_5mCG_v33.phased.bam
HG02614	https://1000g-ont.s3.amazonaws.com/PROCESSED_DATA/ALIGNED_TO_HG38/MINIMAP2_ALIGNED_BAMS/HG02614-ONT-hg38-R9-LSK110-guppy-sup-5hmc_5mc_cg.phased.bam
HG02623	https://1000g-ont.s3.amazonaws.com/PROCESSED_DATA/ALIGNED_TO_HG38/MINIMAP2_ALIGNED_BAMS/HG02623-ONT-hg38-R9-LSK110-orado050_sup_5mCG_v33.phased.bam
HG02624	https://1000g-ont.s3.amazonaws.com/PROCESSED_DATA/ALIGNED_TO_HG38/MINIMAP2_ALIGNED_BAMS/HG02624-ONT-hg38-R9-LSK110-dorado050_sup_5mCG_v33.phased.bam
HG02645	https://1000g-ont.s3.amazonaws.com/PROCESSED_DATA/ALIGNED_TO_HG38/MINIMAP2_ALIGNED_BAMS/HG02645-ONT-hg38-R9-LSK110-dorado050_sup_5mCG_v33.phased.bam
HG02646	https://1000g-ont.s3.amazonaws.com/PROCESSED_DATA/ALIGNED_TO_HG38/MINIMAP2_ALIGNED_BAMS/HG02646-ONT-hg38-R9-LSK110-dorado050_sup_5mCG_v33.phased.bam
HG02675	https://1000g-ont.s3.amazonaws.com/PROCESSED_DATA/ALIGNED_TO_HG38/MINIMAP2_ALIGNED_BAMS/HG02675-ONT-hg38-R9-LSK110-dorado050_sup_5mCG_v33.phased.bam
HG02694	https://1000g-ont.s3.amazonaws.com/PROCESSED_DATA/ALIGNED_TO_HG38/MINIMAP2_ALIGNED_BAMS/HG02694-ONT-hg38-R9-LSK110-guppy-sup-5hmc_5mc_cg.phased.bam
HG02731	https://1000g-ont.s3.amazonaws.com/PROCESSED_DATA/ALIGNED_TO_HG38/MINIMAP2_ALIGNED_BAMS/HG02731-ONT-hg38-R9-LSK110-guppy-sup-5hmc_5mc_cg.phased.bam
HG02759	https://1000g-ont.s3.amazonaws.com/PROCESSED_DATA/ALIGNED_TO_HG38/MINIMAP2_ALIGNED_BAMS/HG02759-ONT-hg38-R9-LSK110-dorado050_sup_5mCG_v33.phased.bam
HG02763	https://1000g-ont.s3.amazonaws.com/PROCESSED_DATA/ALIGNED_TO_HG38/MINIMAP2_ALIGNED_BAMS/HG02763-ONT-hg38-R10-LSK114-dorado082_sup_5mCG_5hmCG.phased.bam
HG02772	https://1000g-ont.s3.amazonaws.com/PROCESSED_DATA/ALIGNED_TO_HG38/MINIMAP2_ALIGNED_BAMS/HG02772-ONT-hg38-R10-LSK114-dorado082_sup_5mCG_5hmCG.phased.bam
HG02780	https://1000g-ont.s3.amazonaws.com/PROCESSED_DATA/ALIGNED_TO_HG38/MINIMAP2_ALIGNED_BAMS/HG02780-ONT-hg38-R10-LSK114-dorado090_sup_5mCG_5hmCG_v500.phased.bam
HG02798	https://1000g-ont.s3.amazonaws.com/PROCESSED_DATA/ALIGNED_TO_HG38/MINIMAP2_ALIGNED_BAMS/HG02798-ONT-hg38-R9-LSK110-dorado082_sup_5mCG_v33.phased.bam
HG02808	https://1000g-ont.s3.amazonaws.com/PROCESSED_DATA/ALIGNED_TO_HG38/MINIMAP2_ALIGNED_BAMS/HG02808-ONT-hg38-R9-LSK110-dorado082_sup_5mCG_v33.phased.bam
HG02810	https://1000g-ont.s3.amazonaws.com/PROCESSED_DATA/ALIGNED_TO_HG38/MINIMAP2_ALIGNED_BAMS/HG02810-ONT-hg38-R10-LSK114-dorado082_sup_5mCG_5hmCG_v500.phased.bam
HG02811	https://1000g-ont.s3.amazonaws.com/PROCESSED_DATA/ALIGNED_TO_HG38/MINIMAP2_ALIGNED_BAMS/HG02811-ONT-hg38-R9-LSK110-dorado050_sup_5mCG_v33.phased.bam
HG02816	https://1000g-ont.s3.amazonaws.com/PROCESSED_DATA/ALIGNED_TO_HG38/MINIMAP2_ALIGNED_BAMS/HG02816-ONT-hg38-R9-LSK110-dorado082_sup_5mCG_v33.phased.bam
HG02817	https://1000g-ont.s3.amazonaws.com/PROCESSED_DATA/ALIGNED_TO_HG38/MINIMAP2_ALIGNED_BAMS/HG02817-ONT-hg38-R9-LSK110-guppy-sup-5mC.phased.bam
HG02819	https://1000g-ont.s3.amazonaws.com/PROCESSED_DATA/ALIGNED_TO_HG38/MINIMAP2_ALIGNED_BAMS/HG02819-ONT-hg38-R10-LSK114-dorado090_sup_5mCG_5hmCG_v500.phased.bam
HG02820	https://1000g-ont.s3.amazonaws.com/PROCESSED_DATA/ALIGNED_TO_HG38/MINIMAP2_ALIGNED_BAMS/HG02820-ONT-hg38-R9-LSK110_dorado050_sup_5mCG.phased.bam
HG02837	https://1000g-ont.s3.amazonaws.com/PROCESSED_DATA/ALIGNED_TO_HG38/MINIMAP2_ALIGNED_BAMS/HG02837-ONT-hg38-R10-LSK114-dorado081_sup_5mCG_5hmCG.phased.bam
HG02840	https://1000g-ont.s3.amazonaws.com/PROCESSED_DATA/ALIGNED_TO_HG38/MINIMAP2_ALIGNED_BAMS/HG02840-ONT-hg38-R10-LSK114-dorado090_sup_5mCG_5hmCG_v500.phased.bam
HG02852	https://1000g-ont.s3.amazonaws.com/PROCESSED_DATA/ALIGNED_TO_HG38/MINIMAP2_ALIGNED_BAMS/HG02852-ONT-hg38-R10-LSK114-dorado082_sup_5mCG_5hmCG_v500.phased.bam
HG02854	https://1000g-ont.s3.amazonaws.com/PROCESSED_DATA/ALIGNED_TO_HG38/MINIMAP2_ALIGNED_BAMS/HG02854-ONT-hg38-R10-LSK114-dorado081_sup_5mCG_5hmCG.phased.bam
HG02860	https://1000g-ont.s3.amazonaws.com/PROCESSED_DATA/ALIGNED_TO_HG38/MINIMAP2_ALIGNED_BAMS/HG02860-ONT-hg38-R10-LSK114-dorado090_sup_5mCG_5hmCG_v500.phased.bam
HG02861	https://1000g-ont.s3.amazonaws.com/PROCESSED_DATA/ALIGNED_TO_HG38/MINIMAP2_ALIGNED_BAMS/HG02861-ONT-hg38-R10-LSK114-dorado082_sup_5mCG_5hmCG.phased.bam
HG02884	https://1000g-ont.s3.amazonaws.com/PROCESSED_DATA/ALIGNED_TO_HG38/MINIMAP2_ALIGNED_BAMS/HG02884-ONT-hg38-R10-LSK114-dorado082_sup_5mCG_5hmCG.phased.bam
HG02885	https://1000g-ont.s3.amazonaws.com/PROCESSED_DATA/ALIGNED_TO_HG38/MINIMAP2_ALIGNED_BAMS/HG02885-ONT-hg38-R10-LSK114-dorado082_sup_5mCG_5hmCG.phased.bam
HG02887	https://1000g-ont.s3.amazonaws.com/PROCESSED_DATA/ALIGNED_TO_HG38/MINIMAP2_ALIGNED_BAMS/HG02887-ONT-hg38-R10-LSK114-dorado082_sup_5mCG_5hmCG.phased.bam
HG02891	https://1000g-ont.s3.amazonaws.com/PROCESSED_DATA/ALIGNED_TO_HG38/MINIMAP2_ALIGNED_BAMS/HG02891-ONT-hg38-R10-LSK114-dorado082_sup_5mCG_5hmCG.phased.bam
HG02923	https://1000g-ont.s3.amazonaws.com/PROCESSED_DATA/ALIGNED_TO_HG38/MINIMAP2_ALIGNED_BAMS/HG02923-ONT-hg38-R9-LSK110-dorado082_sup_5mCG_v33.phased.bam
HG02952	https://1000g-ont.s3.amazonaws.com/PROCESSED_DATA/ALIGNED_TO_HG38/MINIMAP2_ALIGNED_BAMS/HG02952-ONT-hg38-R10-LSK114-dorado082_sup_5mCG_5hmCG.phased.bam
HG02968	https://1000g-ont.s3.amazonaws.com/PROCESSED_DATA/ALIGNED_TO_HG38/MINIMAP2_ALIGNED_BAMS/HG02968-ONT-hg38-R10-LSK114-dorado082_sup_5mCG_5hmCG.phased.bam
HG02973	https://1000g-ont.s3.amazonaws.com/PROCESSED_DATA/ALIGNED_TO_HG38/MINIMAP2_ALIGNED_BAMS/HG02973-ONT-hg38-R9-LSK110-dorado082_sup_5mCG_v33.phased.bam
HG02974	https://1000g-ont.s3.amazonaws.com/PROCESSED_DATA/ALIGNED_TO_HG38/MINIMAP2_ALIGNED_BAMS/HG02974-ONT-hg38-R9-LSK110-guppy-sup-5hmc_5mc_cg.phased.bam
HG02977	https://1000g-ont.s3.amazonaws.com/PROCESSED_DATA/ALIGNED_TO_HG38/MINIMAP2_ALIGNED_BAMS/HG02977-ONT-hg38-R10-LSK114-dorado082_sup_5mCG_5hmCG.phased.bam
HG02979	https://1000g-ont.s3.amazonaws.com/PROCESSED_DATA/ALIGNED_TO_HG38/MINIMAP2_ALIGNED_BAMS/HG02979-ONT-hg38-R9-LSK110-guppy-sup-5hmc_5mc_cg.phased.bam
HG02981	https://1000g-ont.s3.amazonaws.com/PROCESSED_DATA/ALIGNED_TO_HG38/MINIMAP2_ALIGNED_BAMS/HG02981-ONT-hg38-R9-LSK110-dorado034_sup_5mCG_5hmCG_v33.phased.bam
HG03009	https://1000g-ont.s3.amazonaws.com/PROCESSED_DATA/ALIGNED_TO_HG38/MINIMAP2_ALIGNED_BAMS/HG03009-ONT-hg38-R10-LSK114-5mCG_5hmCG.phased.bam
HG03018	https://1000g-ont.s3.amazonaws.com/PROCESSED_DATA/ALIGNED_TO_HG38/MINIMAP2_ALIGNED_BAMS/HG03018-ONT-hg38-LSK114-R10-dorado081_sup_5mCG_5hmCG_v500.phased.bam
HG03022	https://1000g-ont.s3.amazonaws.com/PROCESSED_DATA/ALIGNED_TO_HG38/MINIMAP2_ALIGNED_BAMS/HG03022-ONT-hg38-R9-LSK110-guppy-sup-5mC.phased.bam
HG03027	https://1000g-ont.s3.amazonaws.com/PROCESSED_DATA/ALIGNED_TO_HG38/MINIMAP2_ALIGNED_BAMS/HG03027-ONT-hg38-R10-LSK114-dorado090_sup_5mCG_5hmCG_v500.phased.bam
HG03045	https://1000g-ont.s3.amazonaws.com/PROCESSED_DATA/ALIGNED_TO_HG38/MINIMAP2_ALIGNED_BAMS/HG03045-ONT-hg38-R10-LSK114-dorado090_sup_5mCG_5hmCG_v500.phased.bam
HG03055	https://1000g-ont.s3.amazonaws.com/PROCESSED_DATA/ALIGNED_TO_HG38/MINIMAP2_ALIGNED_BAMS/HG03055-ONT-hg38-R10-LSK114-dorado090_sup_5mCG_5hmCG_v500.phased.bam
HG03057	https://1000g-ont.s3.amazonaws.com/PROCESSED_DATA/ALIGNED_TO_HG38/MINIMAP2_ALIGNED_BAMS/HG03057-ONT-hg38-R9-LSK110-dorado050_sup_with5mC.phased.bam
HG03064	https://1000g-ont.s3.amazonaws.com/PROCESSED_DATA/ALIGNED_TO_HG38/MINIMAP2_ALIGNED_BAMS/HG03064-ONT-hg38-R9-LSK110-guppy637_sup_5mC_5hmC.phased.bam
HG03066	https://1000g-ont.s3.amazonaws.com/PROCESSED_DATA/ALIGNED_TO_HG38/MINIMAP2_ALIGNED_BAMS/HG03066-ONT-hg38-R10-LSK114-dorado090_sup_5mCG_5hmCG_v500.phased.bam
HG03069	https://1000g-ont.s3.amazonaws.com/PROCESSED_DATA/ALIGNED_TO_HG38/MINIMAP2_ALIGNED_BAMS/HG03069-ONT-hg38-R9-LSK110-guppy-sup-5mC.phased.bam
HG03072	https://1000g-ont.s3.amazonaws.com/PROCESSED_DATA/ALIGNED_TO_HG38/MINIMAP2_ALIGNED_BAMS/HG03072-ONT-hg38-R9-LSK110-dorado082_sup_5mCG_v33.phased.bam
HG03079	https://1000g-ont.s3.amazonaws.com/PROCESSED_DATA/ALIGNED_TO_HG38/MINIMAP2_ALIGNED_BAMS/HG03079-ONT-hg38-R10-LSK114-dorado090_sup_5mCG_5hmCG_v500.phased.bam
HG03084	https://1000g-ont.s3.amazonaws.com/PROCESSED_DATA/ALIGNED_TO_HG38/MINIMAP2_ALIGNED_BAMS/HG03084-ONT-hg38-R9-LSK110_dorado050_sup_5mCG.phased.bam
HG03086	https://1000g-ont.s3.amazonaws.com/PROCESSED_DATA/ALIGNED_TO_HG38/MINIMAP2_ALIGNED_BAMS/HG03086-ONT-hg38-R9-LSK110-dorado050_sup_5mCG_v33.phased.bam
HG03099	https://1000g-ont.s3.amazonaws.com/PROCESSED_DATA/ALIGNED_TO_HG38/MINIMAP2_ALIGNED_BAMS/HG03099-ONT-hg38-R10-LSK114-dorado090_sup_5mCG_5hmCG_v500.phased.bam
HG03118	https://1000g-ont.s3.amazonaws.com/PROCESSED_DATA/ALIGNED_TO_HG38/MINIMAP2_ALIGNED_BAMS/HG03118-ONT-hg38-R10-LSK114_dorado081_sup_5mCG_5hmCG_v500.phased.bam
HG03120	https://1000g-ont.s3.amazonaws.com/PROCESSED_DATA/ALIGNED_TO_HG38/MINIMAP2_ALIGNED_BAMS/HG03120-ONT-hg38-R9-LSK110-guppy-sup-5hmc_5mc_cg.phased.bam
HG03121	https://1000g-ont.s3.amazonaws.com/PROCESSED_DATA/ALIGNED_TO_HG38/MINIMAP2_ALIGNED_BAMS/HG03121-ONT-hg38-R9-LSK110-guppy-sup-5hmc_5mc_cg.phased.bam
HG03123	https://1000g-ont.s3.amazonaws.com/PROCESSED_DATA/ALIGNED_TO_HG38/MINIMAP2_ALIGNED_BAMS/HG03123-ONT-hg38-R10-LSK114-dorado090_sup_5mCG_5hmCG_v500.phased.bam
HG03129	https://1000g-ont.s3.amazonaws.com/PROCESSED_DATA/ALIGNED_TO_HG38/MINIMAP2_ALIGNED_BAMS/HG03129-ONT-hg38-R10-LSK114-dorado090_sup_5mCG_5hmCG_v500.phased.bam
HG03157	https://1000g-ont.s3.amazonaws.com/PROCESSED_DATA/ALIGNED_TO_HG38/MINIMAP2_ALIGNED_BAMS/HG03157-ONT-hg38-R10-LSK114-dorado081_sup_5mCG_5hmCG_v500.phased.bam
HG03160	https://1000g-ont.s3.amazonaws.com/PROCESSED_DATA/ALIGNED_TO_HG38/MINIMAP2_ALIGNED_BAMS/HG03160-ONT-hg38-R10-LSK114-dorado082_sup_5mCG_5hmCG.phased.bam
HG03166	https://1000g-ont.s3.amazonaws.com/PROCESSED_DATA/ALIGNED_TO_HG38/MINIMAP2_ALIGNED_BAMS/HG03166-ONT-hg38-R10-LSK114-dorado082_sup_5mCG_5hmCG.phased.bam
HG03168	https://1000g-ont.s3.amazonaws.com/PROCESSED_DATA/ALIGNED_TO_HG38/MINIMAP2_ALIGNED_BAMS/HG03168-ONT-hg38-R9-LSK110-guppy-sup-5hmc_5mc_cg.phased.bam
HG03169	https://1000g-ont.s3.amazonaws.com/PROCESSED_DATA/ALIGNED_TO_HG38/MINIMAP2_ALIGNED_BAMS/HG03169-ONT-hg38-R9-LSK110-dorado096_sup_5mCG_v01.phased.bam
HG03196	https://1000g-ont.s3.amazonaws.com/PROCESSED_DATA/ALIGNED_TO_HG38/MINIMAP2_ALIGNED_BAMS/HG03196-ONT-hg38-R9-LSK110-dorado050_sup_5mCG_v33.phased.bam
HG03212	https://1000g-ont.s3.amazonaws.com/PROCESSED_DATA/ALIGNED_TO_HG38/MINIMAP2_ALIGNED_BAMS/HG03212-ONT-hg38-R9-LSK110-guppy657_sup_with5mC_5hmC.phased.bam
HG03224	https://1000g-ont.s3.amazonaws.com/PROCESSED_DATA/ALIGNED_TO_HG38/MINIMAP2_ALIGNED_BAMS/HG03224-ONT-hg38-R10-LSK114-dorado081_sup_5mCG_5hmCG_v500.phased.bam
HG03279	https://1000g-ont.s3.amazonaws.com/PROCESSED_DATA/ALIGNED_TO_HG38/MINIMAP2_ALIGNED_BAMS/HG03279-ONT-hg38-R9-LSK110-guppy-sup-5mC.phased.bam
HG03280	https://1000g-ont.s3.amazonaws.com/PROCESSED_DATA/ALIGNED_TO_HG38/MINIMAP2_ALIGNED_BAMS/HG03280-ONT-hg38-R9-LSK110-dorado050_sup_5mCG_v33.phased.bam
HG03297	https://1000g-ont.s3.amazonaws.com/PROCESSED_DATA/ALIGNED_TO_HG38/MINIMAP2_ALIGNED_BAMS/HG03297-ONT-hg38-R9-LSK110-dorado082_sup_5mCG.phased.bam
HG03298	https://1000g-ont.s3.amazonaws.com/PROCESSED_DATA/ALIGNED_TO_HG38/MINIMAP2_ALIGNED_BAMS/HG03298-ONT-hg38-R9-LSK110-dorado050_sup_5mCG_v33.phased.bam
HG03351	https://1000g-ont.s3.amazonaws.com/PROCESSED_DATA/ALIGNED_TO_HG38/MINIMAP2_ALIGNED_BAMS/HG03351-ONT-hg38-R9-LSK110-dorado082_sup_5mCG.phased.bam
HG03352	https://1000g-ont.s3.amazonaws.com/PROCESSED_DATA/ALIGNED_TO_HG38/MINIMAP2_ALIGNED_BAMS/HG03352-ONT-hg38-R10-LSK114-dorado082_sup_5mCG_5hmCG.phased.bam
HG03354	https://1000g-ont.s3.amazonaws.com/PROCESSED_DATA/ALIGNED_TO_HG38/MINIMAP2_ALIGNED_BAMS/HG03354-ONT-hg38-R9-LSK110-guppy637_sup_5mC_5hmC.phased.bam
HG03366	https://1000g-ont.s3.amazonaws.com/PROCESSED_DATA/ALIGNED_TO_HG38/MINIMAP2_ALIGNED_BAMS/HG03366-ONT-hg38-R9-LSK110-dorado034_sup_5mCG_5hmCG_v33.phased.bam
HG03367	https://1000g-ont.s3.amazonaws.com/PROCESSED_DATA/ALIGNED_TO_HG38/MINIMAP2_ALIGNED_BAMS/HG03367-ONT-hg38-R10-LSK114-dorado082_sup_5mCG_5hmCG.phased.bam
HG03369	https://1000g-ont.s3.amazonaws.com/PROCESSED_DATA/ALIGNED_TO_HG38/MINIMAP2_ALIGNED_BAMS/HG03369-ONT-hg38-R9-LSK110-guppy657_sup_5mC_5hmC.phased.bam
HG03370	https://1000g-ont.s3.amazonaws.com/PROCESSED_DATA/ALIGNED_TO_HG38/MINIMAP2_ALIGNED_BAMS/HG03370-ONT-hg38-R9-LSK110-guppy657_sup_5mC_5hmC.phased.bam
HG03376	https://1000g-ont.s3.amazonaws.com/PROCESSED_DATA/ALIGNED_TO_HG38/MINIMAP2_ALIGNED_BAMS/HG03376-ONT-hg38-R9-LSK110-dorado082_sup_5mCG_v33.phased.bam
HG03378	https://1000g-ont.s3.amazonaws.com/PROCESSED_DATA/ALIGNED_TO_HG38/MINIMAP2_ALIGNED_BAMS/HG03378-ONT-hg38-R9-LSK110-dorado082_sup_5mCG_v33.phased.bam
HG03382	https://1000g-ont.s3.amazonaws.com/PROCESSED_DATA/ALIGNED_TO_HG38/MINIMAP2_ALIGNED_BAMS/HG03382-ONT-hg38-R10-LSK114-dorado081_sup_5mCG_5hmCG_v500.phased.bam
HG03385	https://1000g-ont.s3.amazonaws.com/PROCESSED_DATA/ALIGNED_TO_HG38/MINIMAP2_ALIGNED_BAMS/HG03385-ONT-hg38-R10-LSK114-dorado090_sup_5mCG_5hmCG_v500.phased.bam
HG03391	https://1000g-ont.s3.amazonaws.com/PROCESSED_DATA/ALIGNED_TO_HG38/MINIMAP2_ALIGNED_BAMS/HG03391-ONT-hg38-R9-LSK110-guppy657_sup_5mC_5hmC.phased.bam
HG03401	https://1000g-ont.s3.amazonaws.com/PROCESSED_DATA/ALIGNED_TO_HG38/MINIMAP2_ALIGNED_BAMS/HG03401-ONT-hg38-R9-LSK110-dorado034_sup_5mCG_5hmCG_v33.phased.bam
HG03433	https://1000g-ont.s3.amazonaws.com/PROCESSED_DATA/ALIGNED_TO_HG38/MINIMAP2_ALIGNED_BAMS/HG03433-ONT-hg38-R10-LSK114-dorado082_sup_5mCG_5hmCG_v500.phased.bam
HG03436	https://1000g-ont.s3.amazonaws.com/PROCESSED_DATA/ALIGNED_TO_HG38/MINIMAP2_ALIGNED_BAMS/HG03436-ONT-hg38-R10-LSK114-dorado082_sup_5mCG_5hmCG.phased.bam
HG03437	https://1000g-ont.s3.amazonaws.com/PROCESSED_DATA/ALIGNED_TO_HG38/MINIMAP2_ALIGNED_BAMS/HG03437-ONT-hg38-R9-LSK110-guppy657_sup_with5mC_5hmC.phased.bam
HG03445	https://1000g-ont.s3.amazonaws.com/PROCESSED_DATA/ALIGNED_TO_HG38/MINIMAP2_ALIGNED_BAMS/HG03445-ONT-hg38-R9-LSK110-guppy657_sup_with5mC_5hmC.phased.bam
HG03460	https://1000g-ont.s3.amazonaws.com/PROCESSED_DATA/ALIGNED_TO_HG38/MINIMAP2_ALIGNED_BAMS/HG03460-ONT-hg38-R9-LSK110-dorado050_sup_with5mC.phased.bam
HG03464	https://1000g-ont.s3.amazonaws.com/PROCESSED_DATA/ALIGNED_TO_HG38/MINIMAP2_ALIGNED_BAMS/HG03464-ONT-hg38-R10-LSK114-dorado090_sup_5mCG_5hmCG_v500.phased.bam
HG03472	https://1000g-ont.s3.amazonaws.com/PROCESSED_DATA/ALIGNED_TO_HG38/MINIMAP2_ALIGNED_BAMS/HG03472-ONT-hg38-R10-LSK114-dorado090_sup_5mCG_5hmCG_v500.phased.bam
HG03478	https://1000g-ont.s3.amazonaws.com/PROCESSED_DATA/ALIGNED_TO_HG38/MINIMAP2_ALIGNED_BAMS/HG03478-ONT-hg38-R10-LSK114_dorado081_sup_5mCG_5hmCG_v500.phased.bam
HG03479	https://1000g-ont.s3.amazonaws.com/PROCESSED_DATA/ALIGNED_TO_HG38/MINIMAP2_ALIGNED_BAMS/HG03479-ONT-hg38-R9-LSK110-dorado034_sup_5mCG_5hmCG_v33.phased.bam
HG03499	https://1000g-ont.s3.amazonaws.com/PROCESSED_DATA/ALIGNED_TO_HG38/MINIMAP2_ALIGNED_BAMS/HG03499-ONT-hg38-R9-LSK110-guppy-sup-5hmc_5mc_cg.phased.bam
HG03514	https://1000g-ont.s3.amazonaws.com/PROCESSED_DATA/ALIGNED_TO_HG38/MINIMAP2_ALIGNED_BAMS/HG03514-ONT-hg38-R10-LSK114-dorado090_sup_5mCG_5hmCG_v500.phased.bam
HG03538	https://1000g-ont.s3.amazonaws.com/PROCESSED_DATA/ALIGNED_TO_HG38/MINIMAP2_ALIGNED_BAMS/HG03538-ONT-hg38-R10-LSK114-dorado090_sup_5mCG_5hmCG_v500.phased.bam
HG03548	https://1000g-ont.s3.amazonaws.com/PROCESSED_DATA/ALIGNED_TO_HG38/MINIMAP2_ALIGNED_BAMS/HG03548-ONT-hg38-R9-LSK110-guppy-sup-5mC.phased.bam
HG03557	https://1000g-ont.s3.amazonaws.com/PROCESSED_DATA/ALIGNED_TO_HG38/MINIMAP2_ALIGNED_BAMS/HG03557-ONT-hg38-R9-LSK110-dorado082_sup_5mCG_v33.phased.bam
HG03563	https://1000g-ont.s3.amazonaws.com/PROCESSED_DATA/ALIGNED_TO_HG38/MINIMAP2_ALIGNED_BAMS/HG03563-ONT-hg38-R9-LSK110-guppy-sup-5mC.phased.bam
HG03571	https://1000g-ont.s3.amazonaws.com/PROCESSED_DATA/ALIGNED_TO_HG38/MINIMAP2_ALIGNED_BAMS/HG03571-ONT-hg38-R9-LSK110-guppy-sup-5mC.phased.bam
HG03572	https://1000g-ont.s3.amazonaws.com/PROCESSED_DATA/ALIGNED_TO_HG38/MINIMAP2_ALIGNED_BAMS/HG03572-ONT-hg38-R9-LSK110-guppy657_sup_with5mC_5hmC.phased.bam
HG03575	https://1000g-ont.s3.amazonaws.com/PROCESSED_DATA/ALIGNED_TO_HG38/MINIMAP2_ALIGNED_BAMS/HG03575-ONT-hg38-R10-LSK114-dorado082_sup_5mCG_5hmCG.phased.bam
HG03583	https://1000g-ont.s3.amazonaws.com/PROCESSED_DATA/ALIGNED_TO_HG38/MINIMAP2_ALIGNED_BAMS/HG03583-ONT-hg38-R10-LSK114-dorado082_sup_5mCG_5hmCG.phased.bam
HG03603	https://1000g-ont.s3.amazonaws.com/PROCESSED_DATA/ALIGNED_TO_HG38/MINIMAP2_ALIGNED_BAMS/HG03603-ONT-hg38-R10-LSK114-dorado090_sup_5mCG_5hmCG_v500.phased.bam
HG03611	https://1000g-ont.s3.amazonaws.com/PROCESSED_DATA/ALIGNED_TO_HG38/MINIMAP2_ALIGNED_BAMS/HG03611-ONT-hg38-R9-LSK110-dorado050_sup_5mCG_v33.phased.bam
HG03616	https://1000g-ont.s3.amazonaws.com/PROCESSED_DATA/ALIGNED_TO_HG38/MINIMAP2_ALIGNED_BAMS/HG03616-ONT-hg38-R9-LSK110-dorado050_sup_5mCG_v33.phased.bam
HG03629	https://1000g-ont.s3.amazonaws.com/PROCESSED_DATA/ALIGNED_TO_HG38/MINIMAP2_ALIGNED_BAMS/HG03629-ONT-hg38-R10-LSK114-dorado082_sup_5mCG_5hmCG.phased.bam
HG03631	https://1000g-ont.s3.amazonaws.com/PROCESSED_DATA/ALIGNED_TO_HG38/MINIMAP2_ALIGNED_BAMS/HG03631-ONT-hg38-R9-LSK110-guppy-sup-5hmc_5mc_cg.phased.bam
HG03643	https://1000g-ont.s3.amazonaws.com/PROCESSED_DATA/ALIGNED_TO_HG38/MINIMAP2_ALIGNED_BAMS/HG03643-ONT-hg38-R9-LSK110-guppy-sup-5mC.phased.bam
HG03646	https://1000g-ont.s3.amazonaws.com/PROCESSED_DATA/ALIGNED_TO_HG38/MINIMAP2_ALIGNED_BAMS/HG03646-ONT-hg38-R9-LSK110-guppy-sup-5mC.phased.bam
HG03663	https://1000g-ont.s3.amazonaws.com/PROCESSED_DATA/ALIGNED_TO_HG38/MINIMAP2_ALIGNED_BAMS/HG03663-ONT-hg38-R10-LSK114-dorado082_sup_5mCG_5hmCG_v500.phased.bam
HG03667	https://1000g-ont.s3.amazonaws.com/PROCESSED_DATA/ALIGNED_TO_HG38/MINIMAP2_ALIGNED_BAMS/HG03667-ONT-hg38-R10-LSK114-dorado090_sup_5mCG_5hmCG_v500.phased.bam
HG03668	https://1000g-ont.s3.amazonaws.com/PROCESSED_DATA/ALIGNED_TO_HG38/MINIMAP2_ALIGNED_BAMS/HG03668-ONT-hg38-R9-LSK110-guppy-sup-5mC.phased.bam
HG03680	https://1000g-ont.s3.amazonaws.com/PROCESSED_DATA/ALIGNED_TO_HG38/MINIMAP2_ALIGNED_BAMS/HG03680-ONT-hg38-R10-LSK114-dorado090_sup_5mCG_5hmCG_v500.phased.bam
HG03685	https://1000g-ont.s3.amazonaws.com/PROCESSED_DATA/ALIGNED_TO_HG38/MINIMAP2_ALIGNED_BAMS/HG03685-ONT-hg38-R10-LSK114-dorado090_sup_5mCG_5hmCG_v500.phased.bam
HG03692	https://1000g-ont.s3.amazonaws.com/PROCESSED_DATA/ALIGNED_TO_HG38/MINIMAP2_ALIGNED_BAMS/HG03692-ONT-hg38-R9-LSK110-dorado034_sup_5mCG_5hmCG_v33.phased.bam
HG03693	https://1000g-ont.s3.amazonaws.com/PROCESSED_DATA/ALIGNED_TO_HG38/MINIMAP2_ALIGNED_BAMS/HG03693-ONT-hg38-R10-LSK114-dorado090_sup_5mCG_5hmCG_v500.phased.bam
HG03694	https://1000g-ont.s3.amazonaws.com/PROCESSED_DATA/ALIGNED_TO_HG38/MINIMAP2_ALIGNED_BAMS/HG03694-ONT-hg38-R10-LSK114-dorado082_sup_5mCG_5hmCG.phased.bam
HG03698	https://1000g-ont.s3.amazonaws.com/PROCESSED_DATA/ALIGNED_TO_HG38/MINIMAP2_ALIGNED_BAMS/HG03698-ONT-hg38-R10-LSK114-dorado096_sup_5mCG_5hmCG_v500.phased.bam
HG03717	https://1000g-ont.s3.amazonaws.com/PROCESSED_DATA/ALIGNED_TO_HG38/MINIMAP2_ALIGNED_BAMS/HG03717-ONT-hg38-R9-LSK110-guppy-sup-5mC.phased.bam
HG03720	https://1000g-ont.s3.amazonaws.com/PROCESSED_DATA/ALIGNED_TO_HG38/MINIMAP2_ALIGNED_BAMS/HG03720-ONT-hg38-R10-LSK114-dorado090_sup_5mCG_5hmCG_v500.phased.bam
HG03731	https://1000g-ont.s3.amazonaws.com/PROCESSED_DATA/ALIGNED_TO_HG38/MINIMAP2_ALIGNED_BAMS/HG03731-ONT-hg38-R9-LSK110-guppy-sup-5mC.phased.bam
HG03733	https://1000g-ont.s3.amazonaws.com/PROCESSED_DATA/ALIGNED_TO_HG38/MINIMAP2_ALIGNED_BAMS/HG03733-ONT-hg38-R10-LSK114-dorado082_sup_5mCG_5hmCG_v500.phased.bam
HG03736	https://1000g-ont.s3.amazonaws.com/PROCESSED_DATA/ALIGNED_TO_HG38/MINIMAP2_ALIGNED_BAMS/HG03736-ONT-hg38-R9-LSK110-dorado034_sup_5mCG_5hmCG_v33.phased.bam
HG03743	https://1000g-ont.s3.amazonaws.com/PROCESSED_DATA/ALIGNED_TO_HG38/MINIMAP2_ALIGNED_BAMS/HG03743-ONT-hg38-R10-LSK114-dorado081_sup_5mCG_5hmCG.phased.bam
HG03744	https://1000g-ont.s3.amazonaws.com/PROCESSED_DATA/ALIGNED_TO_HG38/MINIMAP2_ALIGNED_BAMS/HG03744-ONT-hg38-R9-LSK110-guppy-sup-5mC.phased.bam
HG03745	https://1000g-ont.s3.amazonaws.com/PROCESSED_DATA/ALIGNED_TO_HG38/MINIMAP2_ALIGNED_BAMS/HG03745-ONT-hg38-R10-LSK114-dorado082_sup_5mCG_5hmCG.phased.bam
HG03752	https://1000g-ont.s3.amazonaws.com/PROCESSED_DATA/ALIGNED_TO_HG38/MINIMAP2_ALIGNED_BAMS/HG03752-ONT-hg38-R10-LSK114-dorado082_sup_5mCG_5hmCG.phased.bam
HG03755	https://1000g-ont.s3.amazonaws.com/PROCESSED_DATA/ALIGNED_TO_HG38/MINIMAP2_ALIGNED_BAMS/HG03755-ONT-hg38-R10-LSK114-dorado082_sup_5mCG_5hmCG.phased.bam
HG03757	https://1000g-ont.s3.amazonaws.com/PROCESSED_DATA/ALIGNED_TO_HG38/MINIMAP2_ALIGNED_BAMS/HG03757-ONT-hg38-R10-LSK114-dorado090_sup_5mCG_5hmCG_v500.phased.bam
HG03770	https://1000g-ont.s3.amazonaws.com/PROCESSED_DATA/ALIGNED_TO_HG38/MINIMAP2_ALIGNED_BAMS/HG03770-ONT-hg38-R9-LSK110-guppy-sup-5mC.phased.bam
HG03772	https://1000g-ont.s3.amazonaws.com/PROCESSED_DATA/ALIGNED_TO_HG38/MINIMAP2_ALIGNED_BAMS/HG03772-ONT-hg38-R10-LSK114-dorado082_sup_5mCG_5hmCG.phased.bam
HG03774	https://1000g-ont.s3.amazonaws.com/PROCESSED_DATA/ALIGNED_TO_HG38/MINIMAP2_ALIGNED_BAMS/HG03774-ONT-hg38-R9-LSK110-guppy-sup-5mC.phased.bam
HG03779	https://1000g-ont.s3.amazonaws.com/PROCESSED_DATA/ALIGNED_TO_HG38/MINIMAP2_ALIGNED_BAMS/HG03779-ONT-hg38-R10-LSK114-dorado082_sup_5mCG_5hmCG_v500.phased.bam
HG03787	https://1000g-ont.s3.amazonaws.com/PROCESSED_DATA/ALIGNED_TO_HG38/MINIMAP2_ALIGNED_BAMS/HG03787-ONT-hg38-R10-LSK114-dorado081_sup_5mCG_5hmCG.phased.bam
HG03788	https://1000g-ont.s3.amazonaws.com/PROCESSED_DATA/ALIGNED_TO_HG38/MINIMAP2_ALIGNED_BAMS/HG03788-ONT-hg38-R10-LSK114-dorado081_sup_5mCG_5hmCG_v500.phased.bam
HG03808	https://1000g-ont.s3.amazonaws.com/PROCESSED_DATA/ALIGNED_TO_HG38/MINIMAP2_ALIGNED_BAMS/HG03808-ONT-hg38-R10-LSK114-dorado090_sup_5mCG_5hmCG_v500.phased.bam
HG03814	https://1000g-ont.s3.amazonaws.com/PROCESSED_DATA/ALIGNED_TO_HG38/MINIMAP2_ALIGNED_BAMS/HG03814-ONT-hg38-R9-LSK110-guppy-sup-5mC.phased.bam
HG03815	https://1000g-ont.s3.amazonaws.com/PROCESSED_DATA/ALIGNED_TO_HG38/MINIMAP2_ALIGNED_BAMS/HG03815-ONT-hg38-R10-LSK114-dorado081_sup_5mCG_5hmCG_v500.phased.bam
HG03826	https://1000g-ont.s3.amazonaws.com/PROCESSED_DATA/ALIGNED_TO_HG38/MINIMAP2_ALIGNED_BAMS/HG03826-ONT-hg38-R9-LSK110-dorado034_sup_5mCG_5hmCG_v33.phased.bam
HG03849	https://1000g-ont.s3.amazonaws.com/PROCESSED_DATA/ALIGNED_TO_HG38/MINIMAP2_ALIGNED_BAMS/HG03849-ONT-hg38-R10-LSK114-dorado081_sup_5mCG_5hmCG_v500.phased.bam
HG03851	https://1000g-ont.s3.amazonaws.com/PROCESSED_DATA/ALIGNED_TO_HG38/MINIMAP2_ALIGNED_BAMS/HG03851-ONT-hg38-R10-LSK114-dorado090_sup_5mCG_5hmCG_v500.phased.bam
HG03857	https://1000g-ont.s3.amazonaws.com/PROCESSED_DATA/ALIGNED_TO_HG38/MINIMAP2_ALIGNED_BAMS/HG03857-ONT-hg38-R9-LSK110-dorado034_sup_5mCG_5hmCG_v33.phased.bam
HG03858	https://1000g-ont.s3.amazonaws.com/PROCESSED_DATA/ALIGNED_TO_HG38/MINIMAP2_ALIGNED_BAMS/HG03858-ONT-hg38-R9-LSK110-guppy657_sup_with5mC_5hmC.phased.bam
HG03861	https://1000g-ont.s3.amazonaws.com/PROCESSED_DATA/ALIGNED_TO_HG38/MINIMAP2_ALIGNED_BAMS/HG03861-ONT-hg38-R9-LSK110-guppy-sup-5hmc_5mc_cg.phased.bam
HG03864	https://1000g-ont.s3.amazonaws.com/PROCESSED_DATA/ALIGNED_TO_HG38/MINIMAP2_ALIGNED_BAMS/HG03864-ONT-hg38-R9-LSK110-guppy-sup-5mC.phased.bam
HG03866	https://1000g-ont.s3.amazonaws.com/PROCESSED_DATA/ALIGNED_TO_HG38/MINIMAP2_ALIGNED_BAMS/HG03866-ONT-hg38-R10-LSK114-dorado090_sup_5mCG_5hmCG_v500.phased.bam
HG03868	https://1000g-ont.s3.amazonaws.com/PROCESSED_DATA/ALIGNED_TO_HG38/MINIMAP2_ALIGNED_BAMS/HG03868-ONT-hg38-R9-LSK110-guppy-sup-5mC.phased.bam
HG03875	https://1000g-ont.s3.amazonaws.com/PROCESSED_DATA/ALIGNED_TO_HG38/MINIMAP2_ALIGNED_BAMS/HG03875-ONT-hg38-R10-LSK114-dorado082_sup_5mCG_5hmCG_v500.phased.bam
HG03884	https://1000g-ont.s3.amazonaws.com/PROCESSED_DATA/ALIGNED_TO_HG38/MINIMAP2_ALIGNED_BAMS/HG03884-ONT-hg38-R10-LSK114-dorado081_sup_5mCG_5hmCG_v500.phased.bam
HG03887	https://1000g-ont.s3.amazonaws.com/PROCESSED_DATA/ALIGNED_TO_HG38/MINIMAP2_ALIGNED_BAMS/HG03887-ONT-hg38-R10-LSK114-dorado081_sup_5mCG_5hmCG_v500.phased.bam
HG03897	https://1000g-ont.s3.amazonaws.com/PROCESSED_DATA/ALIGNED_TO_HG38/MINIMAP2_ALIGNED_BAMS/HG03897-ONT-hg38-R9-LSK110-dorado050_sup_5mCG_v33.phased.bam
HG03898	https://1000g-ont.s3.amazonaws.com/PROCESSED_DATA/ALIGNED_TO_HG38/MINIMAP2_ALIGNED_BAMS/HG03898-ONT-hg38-R9-LSK110-guppy-sup-5hmc_5mc_cg.phased.bam
HG03902	https://1000g-ont.s3.amazonaws.com/PROCESSED_DATA/ALIGNED_TO_HG38/MINIMAP2_ALIGNED_BAMS/HG03902-ONT-hg38-R10-LSK114-dorado081_sup_5mCG_5hmCG_v500.phased.bam
HG03910	https://1000g-ont.s3.amazonaws.com/PROCESSED_DATA/ALIGNED_TO_HG38/MINIMAP2_ALIGNED_BAMS/HG03910-ONT-hg38-R9-LSK110-guppy637_sup_5mC_5hmC.phased.bam
HG03911	https://1000g-ont.s3.amazonaws.com/PROCESSED_DATA/ALIGNED_TO_HG38/MINIMAP2_ALIGNED_BAMS/HG03911-ONT-hg38-R10-LSK114-dorado081_sup_5mCG_5hmCG_v500.phased.bam
HG03919	https://1000g-ont.s3.amazonaws.com/PROCESSED_DATA/ALIGNED_TO_HG38/MINIMAP2_ALIGNED_BAMS/HG03919-ONT-hg38-R9-LSK110-guppy-sup-5mC.phased.bam
HG03920	https://1000g-ont.s3.amazonaws.com/PROCESSED_DATA/ALIGNED_TO_HG38/MINIMAP2_ALIGNED_BAMS/HG03920-ONT-hg38-R10-LSK114-dorado081_sup_5mCG_5hmCG_v500.phased.bam
HG03934	https://1000g-ont.s3.amazonaws.com/PROCESSED_DATA/ALIGNED_TO_HG38/MINIMAP2_ALIGNED_BAMS/HG03934-ONT-hg38-R9-LSK110-dorado050_sup_5mCG_v33.phased.bam
HG03945	https://1000g-ont.s3.amazonaws.com/PROCESSED_DATA/ALIGNED_TO_HG38/MINIMAP2_ALIGNED_BAMS/HG03945-ONT-hg38-R10-LSK114-dorado090_sup_5mCG_5hmCG_v500.phased.bam
HG03953	https://1000g-ont.s3.amazonaws.com/PROCESSED_DATA/ALIGNED_TO_HG38/MINIMAP2_ALIGNED_BAMS/HG03953-ONT-hg38-R10-LSK114-dorado090_sup_5mCG_5hmCG_v500.phased.bam
HG03960	https://1000g-ont.s3.amazonaws.com/PROCESSED_DATA/ALIGNED_TO_HG38/MINIMAP2_ALIGNED_BAMS/HG03960-ONT-hg38-R10-LSK114-dorado090_sup_5mCG_5hmCG_v500.phased.bam
HG03971	https://1000g-ont.s3.amazonaws.com/PROCESSED_DATA/ALIGNED_TO_HG38/MINIMAP2_ALIGNED_BAMS/HG03971-ONT-hg38-R9-LSK110-guppy-sup-5mC.phased.bam
HG03989	https://1000g-ont.s3.amazonaws.com/PROCESSED_DATA/ALIGNED_TO_HG38/MINIMAP2_ALIGNED_BAMS/HG03989-ONT-hg38-R9-LSK110-dorado050_sup_5mCG_v33.phased.bam
HG03991	https://1000g-ont.s3.amazonaws.com/PROCESSED_DATA/ALIGNED_TO_HG38/MINIMAP2_ALIGNED_BAMS/HG03991-ONT-hg38-R10-LSK114-dorado081_sup_5mCG_5hmCG_v500.phased.bam
HG03995	https://1000g-ont.s3.amazonaws.com/PROCESSED_DATA/ALIGNED_TO_HG38/MINIMAP2_ALIGNED_BAMS/HG03995-ONT-hg38-R9-LSK110-dorado050_sup_5mCG_v33.phased.bam
HG03998	https://1000g-ont.s3.amazonaws.com/PROCESSED_DATA/ALIGNED_TO_HG38/MINIMAP2_ALIGNED_BAMS/HG03998-ONT-hg38-R10-LSK114-dorado082_sup_5mCG_5hmCG_v500.phased.bam
HG04001	https://1000g-ont.s3.amazonaws.com/PROCESSED_DATA/ALIGNED_TO_HG38/MINIMAP2_ALIGNED_BAMS/HG04001-ONT-hg38-R10-LSK114-dorado081_sup_5mCG_5hmCG_v500.phased.bam
HG04002	https://1000g-ont.s3.amazonaws.com/PROCESSED_DATA/ALIGNED_TO_HG38/MINIMAP2_ALIGNED_BAMS/HG04002-ONT-hg38-R10-LSK114-dorado090_sup_5mCG_5hmCG_v500.phased.bam
HG04019	https://1000g-ont.s3.amazonaws.com/PROCESSED_DATA/ALIGNED_TO_HG38/MINIMAP2_ALIGNED_BAMS/HG04019-ONT-hg38-R10-LSK114-dorado081_sup_5mCG_5hmCG_v500.phased.bam
HG04026	https://1000g-ont.s3.amazonaws.com/PROCESSED_DATA/ALIGNED_TO_HG38/MINIMAP2_ALIGNED_BAMS/HG04026-ONT-hg38-R10-LSK114-dorado081_sup_5mCG_5hmCG_v500.phased.bam
HG04033	https://1000g-ont.s3.amazonaws.com/PROCESSED_DATA/ALIGNED_TO_HG38/MINIMAP2_ALIGNED_BAMS/HG04033-ONT-hg38-R10-LSK114-dorado082_sup_5mCG_5hmCG_v500.phased.bam
HG04038	https://1000g-ont.s3.amazonaws.com/PROCESSED_DATA/ALIGNED_TO_HG38/MINIMAP2_ALIGNED_BAMS/HG04038-ONT-hg38-R10-LSK114-dorado090_sup_5mCG_5hmCG_v500.phased.bam
HG04047	https://1000g-ont.s3.amazonaws.com/PROCESSED_DATA/ALIGNED_TO_HG38/MINIMAP2_ALIGNED_BAMS/HG04047-ONT-hg38-R10-LSK114-dorado081_sup_5mCG_5hmCG.phased.bam
HG04054	https://1000g-ont.s3.amazonaws.com/PROCESSED_DATA/ALIGNED_TO_HG38/MINIMAP2_ALIGNED_BAMS/HG04054-ONT-hg38-R9-LSK110-guppy-sup-5hmc_5mc_cg.phased.bam
HG04056	https://1000g-ont.s3.amazonaws.com/PROCESSED_DATA/ALIGNED_TO_HG38/MINIMAP2_ALIGNED_BAMS/HG04056-ONT-hg38-R10-LSK114-dorado082_sup_5mCG_5hmCG_v500.phased.bam
HG04061	https://1000g-ont.s3.amazonaws.com/PROCESSED_DATA/ALIGNED_TO_HG38/MINIMAP2_ALIGNED_BAMS/HG04061-ONT-hg38-R10-LSK114-dorado082_sup_5mCG_5hmCG.phased.bam
HG04063	https://1000g-ont.s3.amazonaws.com/PROCESSED_DATA/ALIGNED_TO_HG38/MINIMAP2_ALIGNED_BAMS/HG04063-ONT-hg38-R9-LSK110-guppy-sup-5mC.phased.bam
HG04076	https://1000g-ont.s3.amazonaws.com/PROCESSED_DATA/ALIGNED_TO_HG38/MINIMAP2_ALIGNED_BAMS/HG04076-ONT-hg38-R10-LSK114-dorado081_sup_5mCG_5hmCG.phased.bam
HG04094	https://1000g-ont.s3.amazonaws.com/PROCESSED_DATA/ALIGNED_TO_HG38/MINIMAP2_ALIGNED_BAMS/HG04094-ONT-hg38-R10-LSK114-dorado082_sup_5mCG_5hmCG_v500.phased.bam
HG04107	https://1000g-ont.s3.amazonaws.com/PROCESSED_DATA/ALIGNED_TO_HG38/MINIMAP2_ALIGNED_BAMS/HG04107-ONT-hg38-R10-LSK114-dorado081_sup_5mCG_5hmCG_v500.phased.bam
HG04153	https://1000g-ont.s3.amazonaws.com/PROCESSED_DATA/ALIGNED_TO_HG38/MINIMAP2_ALIGNED_BAMS/HG04153-ONT-hg38-R9-LSK110-dorado050_sup_5mCG_v33.phased.bam
HG04161	https://1000g-ont.s3.amazonaws.com/PROCESSED_DATA/ALIGNED_TO_HG38/MINIMAP2_ALIGNED_BAMS/HG04161-ONT-hg38-R10-LSK114-dorado090_sup_5mCG_5hmCG_v500.phased.bam
HG04164	https://1000g-ont.s3.amazonaws.com/PROCESSED_DATA/ALIGNED_TO_HG38/MINIMAP2_ALIGNED_BAMS/HG04164-ONT-hg38-R10-LSK114-dorado090_sup_5mCG_5hmCG_v500.phased.bam
HG04171	https://1000g-ont.s3.amazonaws.com/PROCESSED_DATA/ALIGNED_TO_HG38/MINIMAP2_ALIGNED_BAMS/HG04171-ONT-hg38-R9-LSK110-dorado050_sup_with5mC.phased.bam
HG04176	https://1000g-ont.s3.amazonaws.com/PROCESSED_DATA/ALIGNED_TO_HG38/MINIMAP2_ALIGNED_BAMS/HG04176-ONT-hg38-R10-LSK114-dorado082_sup_5mCG_5hmCG_v500.phased.bam
HG04189	https://1000g-ont.s3.amazonaws.com/PROCESSED_DATA/ALIGNED_TO_HG38/MINIMAP2_ALIGNED_BAMS/HG04189-ONT-hg38-R9-LSK110-dorado034_sup_5mCG_5hmCG_v33.phased.bam
HG04202	https://1000g-ont.s3.amazonaws.com/PROCESSED_DATA/ALIGNED_TO_HG38/MINIMAP2_ALIGNED_BAMS/HG04202-ONT-hg38-R10-LSK114-dorado090_sup_5mCG_5hmCG_v500.phased.bam
HG04209	https://1000g-ont.s3.amazonaws.com/PROCESSED_DATA/ALIGNED_TO_HG38/MINIMAP2_ALIGNED_BAMS/HG04209-ONT-hg38-R10-LSK114-dorado090_sup_5mCG_5hmCG_v500.phased.bam
HG04211	https://1000g-ont.s3.amazonaws.com/PROCESSED_DATA/ALIGNED_TO_HG38/MINIMAP2_ALIGNED_BAMS/HG04211-ONT-hg38-R10-LSK114-dorado090_sup_5mCG_5hmCG_v500.phased.bam
HG04212	https://1000g-ont.s3.amazonaws.com/PROCESSED_DATA/ALIGNED_TO_HG38/MINIMAP2_ALIGNED_BAMS/HG04212-ONT-hg38-R10-LSK114-dorado090_sup_5mCG_5hmCG_v500.phased.bam
HG04214	https://1000g-ont.s3.amazonaws.com/PROCESSED_DATA/ALIGNED_TO_HG38/MINIMAP2_ALIGNED_BAMS/HG04214-ONT-hg38-R10-LSK114-dorado090_sup_5mCG_5hmCG_v500.phased.bam
HG04216	https://1000g-ont.s3.amazonaws.com/PROCESSED_DATA/ALIGNED_TO_HG38/MINIMAP2_ALIGNED_BAMS/HG04216-ONT-hg38-R9-LSK110-guppy-sup-5mC.phased.bam
HG04235	https://1000g-ont.s3.amazonaws.com/PROCESSED_DATA/ALIGNED_TO_HG38/MINIMAP2_ALIGNED_BAMS/HG04235-ONT-hg38-R10-LSK114-dorado090_sup_5mCG_5hmCG_v500.phased.bam
HG04239	https://1000g-ont.s3.amazonaws.com/PROCESSED_DATA/ALIGNED_TO_HG38/MINIMAP2_ALIGNED_BAMS/HG04239-ONT-hg38-R10-LSK114-dorado090_sup_5mCG_5hmCG_v500.phased.bam
