sample	chemistry	basecaller	folder
HG00097	R10	dorado_mid	HG00097-ONT-hg38-R10-LSK114-dorado034_sup_5mCG_5hmCG_v33
HG00102	R10	dorado_late	HG00102-ONT-hg38-R10-LSK114-dorado081_sup_5mCG_5hmCG_v500
HG00105	R9	guppy	HG00105-ONT-hg38-R9-LSK110-guppy-sup-5mC
HG00108	R9	dorado_mid	HG00108-ONT-hg38-R9-LSK110-dorado050_sup_5mCG_v33
HG00109	R10	dorado_late	HG00109-ONT-hg38-R10-LSK114-dorado081_sup_5mCG_5hmCG_v500
HG00110	R9	guppy	HG00110-ONT-hg38-R9-LSK110-guppy-sup-5mC
HG00112	R10	dorado_late	HG00112-ONT-hg38-R10-LSK114-dorado090_sup_5mCG_5hmCG_v500
HG00113	R10	dorado_late	HG00113-ONT-hg38-R10-LSK114-dorado090_sup_5mCG_5hmCG_v500
HG00115	R10	dorado_late	HG00115-ONT-hg38-R10-LSK114-dorado090_sup_5mCG_5hmCG_v500
HG00116	R10	dorado_late	HG00116-ONT-hg38-R10-LSK114-dorado082_sup_5mCG_5hmCG_v500
HG00119	R10	dorado_late	HG00119-ONT-hg38-R10-LSK114-dorado090_sup_5mCG_5hmCG_v500
HG00121	R9	guppy	HG00121-ONT-hg38-R9-LSK110-guppy-sup-5mC
HG00126	R9	dorado_mid	HG00126-ONT-hg38-R9-LSK110-dorado050_sup_5mCG_v33
HG00127	R9	guppy	HG00127-ONT-hg38-R9-LSK110-guppy-sup-5mC
HG00136	R9	guppy	HG00136-ONT-hg38-R9-LSK110-guppy-sup-5mC
HG00142	R10	dorado_mid	HG00142-ONT-hg38-R10-LSK114-dorado034_sup_5mCG_5hmCG_v33
HG00143	R10	dorado_mid	HG00143-ONT-hg38-R10-LSK114-dorado050_sup_5mCG_v430
HG00145	R10	dorado_mid	HG00145-ONT-hg38-R10-LSK114-dorado050_sup_5mCG_5hmCG_v430
HG00151	R9	guppy	HG00151-ONT-hg38-R9-LSK110-guppy-sup-5mC
HG00154	R10	dorado_late	HG00154-ONT-hg38-R10-LSK114-dorado090_sup_5mCG_5hmCG_v500
HG00155	R10	dorado_late	HG00155-ONT-hg38-R10-LSK114-dorado081_sup_5mCG_5hmCG_v500
HG00160	R10	dorado_late	HG00160-ONT-hg38-R10-LSK114-dorado081_sup_5mCG_5hmCG_v500
HG00171	R10	dorado_late	HG00171-ONT-hg38-R10-LSK114-dorado081_sup_5mCG_5hmCG_v500
HG00231	R10	dorado_late	HG00231-ONT-hg38-R10-LSK114-dorado082_sup_5mCG_5hmCG_v500
HG00232	R9	guppy	HG00232-ONT-hg38-R9-LSK110-guppy637_sup_5mC_5hmC
HG00233	R9	dorado_mid	HG00233-ONT-hg38-R9-LSK110-dorado050_sup_5mCG_v33
HG00234	R10	dorado_late	HG00234-ONT-hg38-R10-LSK114-dorado081_sup_5mCG_5hmCG_v500
HG00236	R10	dorado_late	HG00236-ONT-hg38-R10-LSK114-dorado081_sup_5mCG_5hmCG_v500
HG00237	R10	dorado_late	HG00237-ONT-hg38-R10-LSK114-dorado081_sup_5mCG_5hmCG_v500
HG00238	R9	dorado_mid	HG00238-ONT-hg38-R9-LSK110-dorado050_sup_5mCG_v33
HG00240	R9	dorado_mid	HG00240-ONT-hg38-R9-LSK110-dorado050_sup_with5mC
HG00245	R9	dorado_late	HG00245-ONT-hg38-R9-LSK110-dorado082_sup_5mCG_v33
HG00246	R10	dorado_late	HG00246-ONT-hg38-LSK114-R10-dorado081_sup_5mCG_5hmCG_v500
HG00250	R10	dorado_late	HG00250-ONT-hg38-LSK114-R10-dorado081_sup_5mCG_5hmCG_v500
HG00253	R10	dorado_late	HG00253-ONT-hg38-LSK114-R10-dorado081_sup_5mCG_5hmCG_v500
HG00256	R10	dorado_late	HG00256-ONT-hg38-R10-LSK114-dorado082_sup_5mCG_5hmCG_v500
HG00257	R9	dorado_mid	HG00257-ONT-hg38-R9-LSK110-dorado050_sup_with5mC
HG00259	R10	dorado_late	HG00259-ONT-hg38-R10-LSK114-dorado082_sup_5mCG_5hmCG_v500
HG00262	R10	dorado_late	HG00262-ONT-hg38-R10-LSK114-dorado081_sup_5mCG_5hmCG_v500
HG00263	R10	dorado_mid	HG00263-ONT-hg38-R10-LSK114-dorado034_sup_5mCG_5hmCG_v33
HG00264	R10	dorado_late	HG00264-ONT-hg38-R10-LSK114-dorado082_sup_5mCG_5hmCG_v500
HG00277	R10	dorado_mid	HG00277-ONT-hg38-R10-LSK114-dorado034_sup_5mCG_5hmCG_v33
HG00285	R10	dorado_late	HG00285-ONT-hg38-R10-LSK114-dorado090_sup_5mCG_5hmCG_v500
HG00304	R10	dorado_late	HG00304-ONT-hg38-R10-LSK114-dorado081_sup_5mCG_5hmCG_v500
HG00318	R10	dorado_late	HG00318-ONT-hg38-R10-LSK114-dorado090_sup_5mCG_5hmCG_v500
HG00320	R10	dorado_late	HG00320-ONT-hg38-R10-LSK114-dorado082_sup_5mCG_5hmCG_v500
HG00326	R10	dorado_mid	HG00326-ONT-hg38-R10-LSK114-dorado034_sup_5mCG_5hmCG_v33
HG00331	R9	guppy	HG00331-ONT-hg38-R9-LSK110-guppy-sup-5hmc_5mc_cg
HG00337	R9	dorado_mid	HG00337-ONT-hg38-R9-LSK110-dorado050_sup_5mCG_v33
HG00355	R9	dorado_mid	HG00355-ONT-hg38-R9-LSK110-dorado050_sup_5mCG_v33
HG00372	R10	dorado_mid	HG00372-ONT-hg38-R10-LSK114-dorado034_sup_5mCG_5hmCG_v33
HG00382	R10	dorado_late	HG00382-ONT-hg38-R10-LSK114-dorado081_sup_5mCG_5hmCG_v500
HG00410	R9	guppy	HG00410-ONT-hg38-R9-LSK110-guppy-sup-5mC
HG00463	R10	dorado_mid	HG00463-ONT-hg38-R10-LSK114-dorado034_sup_5mCG_5hmCG_v33
HG00473	R9	guppy	HG00473-ONT-hg38-R9-LSK110-guppy-sup-5mC
HG00513	R10	dorado_late	HG00513-ONT-hg38-R10-LSK114-dorado081_sup_5mCG_5hmCG_v500
HG00525	R9	guppy	HG00525-ONT-hg38-R9-LSK110-guppy-sup-5mC
HG00533	R10	dorado_late	HG00533-ONT-hg38-R10-LSK114-dorado081_sup_5mCG_5hmCG_v500
HG00553	R10	dorado_late	HG00553-ONT-hg38-R10-LSK114-dorado090_sup_5mCG_5hmCG_v500
HG00556	R10	dorado_late	HG00556-ONT-hg38-R10-LSK114-dorado081_sup_5mCG_5hmCG_v500
HG00581	R10	dorado_late	HG00581-ONT-hg38-R10-LSK114-dorado081_sup_5mCG_5hmCG_v500
HG00590	R10	dorado_late	HG00590-ONT-hg38-R10-LSK114-dorado090_sup_5mCG_5hmCG_v500
HG00598	R10	dorado_late	HG00598-ONT-hg38-R10-LSK114-dorado081_sup_5mCG_5hmCG_v500
HG00599	R9	guppy	HG00599-ONT-hg38-R9-LSK110-guppy-sup-5hmc_5mc_cg
HG00623	R9	dorado_mid	HG00623-ONT-hg38-R9-LSK110-dorado050_sup_5mCG_v33
HG00625	R10	dorado_late	HG00625-ONT-hg38-R10-LSK114-dorado090_sup_5mCG_5hmCG_v500
HG00631	R9	guppy	HG00631-ONT-hg38-R9-LSK110-guppy-sup-5mC
HG00653	R10	dorado_late	HG00653-ONT-hg38-R10-LSK114-dorado090_sup_5mCG_5hmCG_v500
HG00663	R10	dorado_late	HG00663-ONT-hg38-R10-LSK114-dorado090_sup_5mCG_5hmCG_v500
HG00674	R10	dorado_late	HG00674-ONT-hg38-R10-LSK114-dorado081_sup_5mCG_5hmCG_v500
HG00675	R9	guppy	HG00675-ONT-hg38-R9-LSK110-guppy-sup-5mC
HG00693	R10	dorado_late	HG00693-ONT-hg38-R10-LSK114-dorado090_sup_5mCG_5hmCG_v500
HG00704	R10	dorado_late	HG00704-ONT-hg38-R10-LSK114-dorado082_sup_5mCG_5hmCG_v500
HG00705	R9	guppy	HG00705-ONT-hg38-R9-LSK110-guppy-sup-5hmc_5mc_cg
HG00728	R9	guppy	HG00728-ONT-hg38-R9-LSK110-guppy-sup-5mC
HG00729	R9	dorado_mid	HG00729-ONT-hg38-R9-LSK110-dorado050_sup_5mCG_v33
HG00731	R10	dorado_late	HG00731-ONT-hg38-R10-LSK114-dorado090_sup_5mCG_5hmCG_v500
HG00742	R10	dorado_late	HG00742-ONT-hg38-R10-LSK114-dorado081_sup_5mCG_5hmCG_v500
HG00743	R9	guppy	HG00743-ONT-hg38-R9-LSK110-guppy657_sup_with5mC_5hmC
HG00978	R9	guppy	HG00978-ONT-hg38-R9-LSK110-guppy637_sup_5mC_5hmC
HG01029	R9	guppy	HG01029-ONT-hg38-R9-LSK110-guppy657_sup_5mC_5hmC
HG01031	R9	dorado_late	HG01031-ONT-hg38-R9-LSK110-dorado082_sup_5mCG_v33
HG01046	R9	guppy	HG01046-ONT-hg38-R9-LSK110-guppy-sup-5mC
HG01052	R10	dorado_late	HG01052-ONT-hg38-R10-LSK114-dorado090_sup_5mCG_5hmCG_v500
HG01061	R10	dorado_late	HG01061-ONT-hg38-R10-LSK114-dorado082_sup_5mCG_5hmCG_v500
HG01063	R10	dorado_mid	HG01063-ONT-hg38-R10-LSK114-dorado050_sup_5mCG_5hmCG_v430
HG01064	R9	guppy	HG01064-ONT-hg38-R9-LSK110-guppy637_sup_5mC_5hmC
HG01077	R9	dorado_late	HG01077-ONT-hg38-R9-LSK110-dorado082_sup_5mCG_v33
HG01088	R10	dorado_late	HG01088-ONT-hg38-R10-LSK114-dorado082_sup_5mCG_5hmCG_v500
HG01092	R9	dorado_mid	HG01092-ONT-hg38-R9-LSK110-dorado050_sup_5mCG_v33
HG01113	R10	dorado_late	HG01113-ONT-hg38-R10-LSK114-dorado090_sup_5mCG_5hmCG_v500
HG01122	R9	guppy	HG01122-ONT-hg38-R9-LSK110-guppy-sup-5mC
HG01125	R10	dorado_late	HG01125-ONT-hg38-R10-LSK114-dorado090_sup_5mCG_5hmCG_v500
HG01161	R9	guppy	HG01161-ONT-hg38-R9-LSK110-guppy637_sup_5mC_5hmC
HG01164	R9	dorado_mid	HG01164-ONT-hg38-R9-LSK110-dorado034_sup_5mCG_5hmCG_v33
HG01170	R10	dorado_late	HG01170-ONT-hg38-R10-LSK114-dorado082_sup_5mCG_5hmCG_v500
HG01173	R10	dorado_late	HG01173-ONT-hg38-R10-LSK114-dorado082_sup_5mCG_5hmCG_v500
HG01190	R10	dorado_late	HG01190-ONT-hg38-R10-LSK114-dorado081_sup_5mCG_5hmCG_v500
HG01200	R10	dorado_late	HG01200-ONT-hg38-R10-LSK114-dorado090_sup_5mCG_5hmCG_v500
HG01204	R10	dorado_late	HG01204-ONT-hg38-R10-LSK114-dorado082_sup_5mCG_5hmCG_v500
HG01250	R10	dorado_late	HG01250-ONT-hg38-R10-LSK114-dorado082_sup_5mCG_5hmCG_v500
HG01251	R10	dorado_late	HG01251-ONT-hg38-R10-LSK114-dorado081_sup_5mCG_5hmCG_v500
HG01260	R10	dorado_late	HG01260-ONT-hg38-R10-LSK114-dorado090_sup_5mCG_5hmCG_v500
HG01271	R10	dorado_late	HG01271-ONT-hg38-R10-LSK114-dorado081_sup_5mCG_5hmCG_v500
HG01277	R10	dorado_late	HG01277-ONT-hg38-R10-LSK114-dorado081_sup_5mCG_5hmCG_v500
HG01281	R9	guppy	HG01281-ONT-hg38-R9-LSK110-guppy-sup-5mC
HG01303	R10	dorado_late	HG01303-ONT-hg38-R10-LSK114-dorado090_sup_5mCG_5hmCG_v500
HG01305	R10	dorado_late	HG01305-ONT-hg38-R10-LSK114-dorado081_sup_5mCG_5hmCG_v500
HG01312	R9	guppy	HG01312-ONT-hg38-R9-LSK110-guppy-sup-5hmc_5mc_cg
HG01323	R10	dorado_late	HG01323-ONT-hg38-R10-LSK114-dorado090_sup_5mCG_5hmCG_v500
HG01326	R10	dorado_late	HG01326-ONT-hg38-R10-LSK114-dorado082_sup_5mCG_5hmCG_v500
HG01334	R10	dorado_late	HG01334-ONT-hg38-R10-LSK114-dorado090_sup_5mCG_5hmCG_v500
HG01342	R10	dorado_late	HG01342-ONT-hg38-R10-LSK114-dorado090_sup_5mCG_5hmCG_v500
HG01363	R9	guppy	HG01363-ONT-hg38-R9-LSK110-guppy-sup-5hmc_5mc_cg
HG01369	R9	guppy	HG01369-ONT-hg38-R9-LSK110-guppy-sup-5mC
HG01372	R9	guppy	HG01372-ONT-hg38-R9-LSK110-guppy-sup-5mC
HG01393	R9	dorado_mid	HG01393-ONT-hg38-R9-LSK110-dorado050_sup_5mCG_v33
HG01395	R9	guppy	HG01395-ONT-hg38-R9-LSK110-guppy-sup-5mC
HG01402	R10	dorado_late	HG01402-ONT-hg38-R10-LSK114-dorado081_sup_5mCG_5hmCG_v500
HG01403	R9	dorado_late	HG01403-ONT-hg38-R9-LSK110-dorado082_sup_5mCG_v33
HG01405	R10	dorado_late	HG01405-ONT-hg38-R10-LSK114-dorado081_sup_5mCG_5hmCG_v500
HG01413	R10	dorado_late	HG01413-ONT-hg38-R10-LSK114-dorado090_sup_5mCG_5hmCG_v500
HG01414	R9	guppy	HG01414-ONT-hg38-R9-LSK110-guppy-sup-5mC
HG01435	R10	dorado_late	HG01435-ONT-hg38-R10-LSK114-dorado090_sup_5mCG_5hmCG_v500
HG01443	R9	dorado_late	HG01443-ONT-hg38-R9-LSK110-dorado082_sup_5mCG_v33
HG01459	R9	dorado_late	HG01459-ONT-hg38-R9-LSK110-dorado082_sup_5mCG_v33
HG01461	R10	dorado_late	HG01461-ONT-hg38-R10-LSK114-dorado082_sup_5mCG_5hmCG_v500
HG01468	R9	guppy	HG01468-ONT-hg38-R9-LSK110-guppy-sup-5mC
HG01485	R10	dorado_late	HG01485-ONT-hg38-R10-LSK114-dorado082_sup_5mCG_5hmCG_v500
HG01486	R9	dorado_mid	HG01486-ONT-hg38-R9-LSK110-dorado050_sup_with5mC
HG01501	R9	guppy	HG01501-ONT-hg38-R9-LSK110-guppy-sup-5hmc_5mc_cg
HG01515	R10	dorado_late	HG01515-ONT-hg38-R10-LSK114-dorado081_sup_5mCG_5hmCG_v500
HG01522	R9	dorado_mid	HG01522-ONT-hg38-R9-LSK110-dorado050_sup_5mCG_v33
HG01593	R9	dorado_mid	HG01593-ONT-hg38-R9-LSK110-dorado050_sup_5mCG_v33
HG01607	R9	dorado_mid	HG01607-ONT-hg38-R9-LSK110-dorado050_sup_5mCG_v33
HG01613	R9	dorado_mid	HG01613-ONT-hg38-R9-LSK110-dorado050_sup_5mCG_v33
HG01615	R9	guppy	HG01615-ONT-hg38-R9-LSK110-guppy-sup-5mC
HG01669	R10	dorado_late	HG01669-ONT-hg38-R10-LSK114-dorado081_sup_5mCG_5hmCG_v500
HG01682	R10	dorado_late	HG01682-ONT-hg38-R10-LSK114-dorado090_sup_5mCG_5hmCG_v500
HG01686	R10	dorado_late	HG01686-ONT-hg38-R10-LSK114-dorado081_sup_5mCG_5hmCG_v500
HG01695	R9	guppy	HG01695-ONT-hg38-R9-LSK110-guppy-sup-5mC
HG01762	R9	dorado_late	HG01762-ONT-hg38-R9-LSK110-dorado082_sup_5mCG_v33
HG01771	R10	dorado_late	HG01771-ONT-hg38-R10-LSK114-dorado090_sup_5mCG_5hmCG_v500
HG01790	R9	guppy	HG01790-ONT-hg38-R9-LSK110-guppy-sup-5mC
HG01795	R10	dorado_late	HG01795-ONT-hg38-R10-LSK114-dorado082_sup_5mCG_5hmCG_v500
HG01797	R9	guppy	HG01797-ONT-hg38-R9-LSK110-guppy-sup-5mC
HG01801	R9	guppy	HG01801-ONT-hg38-R9-LSK110-guppy-sup-5mC
HG01802	R10	dorado_late	HG01802-ONT-hg38-R10-LSK114-dorado081_sup_5mCG_5hmCG_v500
HG01804	R10	dorado_late	HG01804-ONT-hg38-R10-LSK114-dorado081_sup_5mCG_5hmCG_v500
HG01808	R10	dorado_late	HG01808-ONT-hg38-R10-LSK114-dorado090_sup_5mCG_5hmCG_v500
HG01811	R10	dorado_late	HG01811-ONT-hg38-R10-LSK114-dorado090_sup_5mCG_5hmCG_v500
HG01812	R9	guppy	HG01812-ONT-hg38-R9-LSK110-guppy-sup-5mC
HG01816	R10	dorado_late	HG01816-ONT-hg38-R10-LSK114-dorado090_sup_5mCG_5hmCG_v500
HG01841	R10	dorado_late	HG01841-ONT-hg38-R10-LSK114-dorado081_sup_5mCG_5hmCG_v500
HG01842	R10	dorado_late	HG01842-ONT-hg38-R10-LSK114-dorado090_sup_5mCG_5hmCG_v500
HG01843	R9	dorado_mid	HG01843-ONT-hg38-R9-LSK110-dorado050_sup_with5mC
HG01844	R9	dorado_mid	HG01844-ONT-hg38-R9-LSK110-dorado050_sup_with5mC
HG01845	R10	dorado_late	HG01845-ONT-hg38-R10-LSK114-dorado081_sup_5mCG_5hmCG_v500
HG01848	R9	dorado_late	HG01848-ONT-hg38-R9-LSK110-dorado082_sup_5mCG_v33
HG01849	R9	guppy	HG01849-ONT-hg38-R9-LSK110-guppy657_sup_with5mC_5hmC
HG01850	R10	dorado_late	HG01850-ONT-hg38-R10-LSK114-dorado090_sup_5mCG_5hmCG_v500
HG01852	R10	dorado_late	HG01852-ONT-hg38-R10-LSK114-dorado081_sup_5mCG_5hmCG_v500
HG01855	R10	dorado_late	HG01855-ONT-hg38-R10-LSK114-dorado081_sup_5mCG_5hmCG_v500
HG01857	R10	dorado_late	HG01857-ONT-hg38-R10-LSK114-dorado090_sup_5mCG_5hmCG_v500
HG01858	R9	guppy	HG01858-ONT-hg38-R9-LSK110-guppy637_sup_5mC_5hmC
HG01860	R10	dorado_late	HG01860-ONT-hg38-R10-LSK114-dorado090_sup_5mCG_5hmCG_v500
HG01861	R10	dorado_late	HG01861-ONT-hg38-R10-LSK114-dorado090_sup_5mCG_5hmCG_v500
HG01862	R9	guppy	HG01862-ONT-hg38-R9-LSK110-guppy-sup-5hmc_5mc_cg
HG01864	R9	dorado_late	HG01864-ONT-hg38-R9-LSK110-dorado082_sup_5mCG_v33
HG01867	R10	dorado_late	HG01867-ONT-hg38-R10-LSK114-dorado081_sup_5mCG_5hmCG_v500
HG01868	R9	guppy	HG01868-ONT-hg38-R9-LSK110-guppy637_sup_5mC_5hmC
HG01869	R10	dorado_late	HG01869-ONT-hg38-R10-LSK114-dorado090_sup_5mCG_5hmCG_v500
HG01874	R9	dorado_late	HG01874-ONT-hg38-LSK110-R9-dorado082_sup_5mCG_v33
HG01878	R9	dorado_mid	HG01878-ONT-hg38-R9-LSK110-dorado050_sup_with5mC
HG01893	R10	dorado_late	HG01893-ONT-hg38-R10-LSK114-dorado082_sup_5mCG_5hmCG_v500
HG01920	R10	dorado_late	HG01920-ONT-hg38-R10-LSK114-dorado081_sup_5mCG_5hmCG_v500
HG01970	R10	dorado_late	HG01970-ONT-hg38-R10-LSK114-dorado081_sup_5mCG_5hmCG_v500
HG01973	R10	dorado_late	HG01973-ONT-hg38-R10-LSK114-dorado090_sup_5mCG_5hmCG_v500
HG02025	R10	dorado_late	HG02025-ONT-hg38-R10-LSK114-dorado090_sup_5mCG_5hmCG_v500
HG02026	R10	dorado_late	HG02026-ONT-hg38-R10-LSK114-dorado090_sup_5mCG_5hmCG_v500
HG02035	R10	dorado_late	HG02035-ONT-hg38-R10-LSK114-dorado090_sup_5mCG_5hmCG_v500
HG02048	R9	guppy	HG02048-ONT-hg38-R9-LSK110-guppy-sup-5mC
HG02049	R9	dorado_mid	HG02049-ONT-hg38-R9-LSK110-dorado050_sup_5mCG_v33
HG02050	R9	dorado_late	HG02050-ONT-hg38-R9-LSK110-dorado082_sup_5mCG_v33
HG02051	R9	guppy	HG02051-ONT-hg38-R9-LSK110-guppy-sup-5hmc_5mc_cg
HG02086	R10	dorado_late	HG02086-ONT-hg38-R10-LSK114-dorado090_sup_5mCG_5hmCG_v500
HG02088	R10	dorado_late	HG02088-ONT-hg38-R10-LSK114-dorado090_sup_5mCG_5hmCG_v500
HG02090	R9	guppy	HG02090-ONT-hg38-R9-LSK110-guppy657_sup_5mC_5hmC
HG02102	R9	guppy	HG02102-ONT-hg38-R9-LSK110-guppy-sup-5hmc_5mc_cg
HG02113	R9	dorado_late	HG02113-ONT-hg38-R9-LSK110-dorado082_sup_5mCG_v33
HG02134	R10	dorado_late	HG02134-ONT-hg38-R10-LSK114-dorado090_sup_5mCG_5hmCG_v500
HG02140	R10	dorado_late	HG02140-ONT-hg38-R10-LSK114-dorado090_sup_5mCG_5hmCG_v500
HG02141	R10	dorado_late	HG02141-ONT-hg38-R10-LSK114-dorado090_sup_5mCG_5hmCG_v500
HG02142	R9	dorado_mid	HG02142-ONT-hg38-R9-LSK110-dorado050_sup_5mCG_v33
HG02150	R9	dorado_mid	HG02150-ONT-hg38-R9-LSK110-dorado050_sup_5mCG_v33
HG02151	R9	dorado_late	HG02151-ONT-hg38-R9-LSK110-dorado082_sup_5mCG_v33
HG02166	R9	dorado_mid	HG02166-ONT-hg38-R9-LSK110-dorado050_sup_5mCG_v33
HG02179	R10	dorado_late	HG02179-ONT-hg38-R10-LSK114-dorado090_sup_5mCG_5hmCG_v500
HG02181	R10	dorado_late	HG02181-ONT-hg38-R10-LSK114-dorado090_sup_5mCG_5hmCG_v500
HG02185	R9	guppy	HG02185-ONT-hg38-R9-LSK110-guppy-sup-5mC
HG02186	R10	dorado_late	HG02186-ONT-hg38-R10-LSK114-dorado090_sup_5mCG_5hmCG_v500
HG02187	R10	dorado_late	HG02187-ONT-hg38-R10-LSK114-dorado090_sup_5mCG_5hmCG_v500
HG02188	R9	dorado_mid	HG02188-ONT-hg38-R9-LSK110-dorado050_sup_5mCG_v33
HG02190	R9	dorado_mid	HG02190-ONT-hg38-R9-LSK110-dorado050_sup_5mCG_v33
HG02215	R9	dorado_mid	HG02215-ONT-hg38-R9-LSK110-dorado050_sup_5mCG_v33
HG02220	R10	dorado_late	HG02220-ONT-hg38-R10-LSK114-dorado090_sup_5mCG_5hmCG_v500
HG02230	R10	dorado_late	HG02230-ONT-hg38-R10-LSK114-dorado090_sup_5mCG_5hmCG_v500
HG02232	R10	dorado_late	HG02232-ONT-hg38-R10-LSK114-dorado090_sup_5mCG_5hmCG_v500
HG02236	R10	dorado_late	HG02236-ONT-hg38-R10-LSK114-dorado090_sup_5mCG_5hmCG_v500
HG02252	R9	guppy	HG02252-ONT-hg38-R9-LSK110-guppy-sup-5mC
HG02262	R9	guppy	HG02262-ONT-hg38-R9-LSK110-guppy-sup-5mC
HG02282	R9	guppy	HG02282-ONT-hg38-R9-LSK110-guppy-sup-5mC
HG02301	R10	dorado_late	HG02301-ONT-hg38-R10-LSK114-dorado090_sup_5mCG_5hmCG_v500
HG02304	R9	dorado_late	HG02304-ONT-hg38-R9-LSK110-dorado082_sup_5mCG_v33
HG02312	R9	guppy	HG02312-ONT-hg38-R9-LSK110-guppy-sup-5hmc_5mc_cg
HG02330	R9	dorado_mid	HG02330-ONT-hg38-R9-LSK110-dorado050_sup_5mCG_v33
HG02334	R10	dorado_late	HG02334-ONT-hg38-R10-LSK114-dorado090_sup_5mCG_5hmCG_v500
HG02339	R9	dorado_mid	HG02339-ONT-hg38-R9-LSK110-dorado034_sup_5mCG_5hmCG_v33
HG02343	R9	dorado_mid	HG02343-ONT-hg38-R9-LSK110-dorado050_sup_5mCG_v33
HG02345	R9	guppy	HG02345-ONT-hg38-R9-LSK110-guppy-sup-5mC
HG02348	R9	dorado_mid	HG02348-ONT-hg38-R9-LSK110-dorado050_sup_5mCG_v33
HG02351	R10	dorado_late	HG02351-ONT-hg38-R10-LSK114-dorado090_sup_5mCG_5hmCG_v500
HG02353	R10	dorado_late	HG02353-ONT-hg38-R10-LSK114-dorado090_sup_5mCG_5hmCG_v500
HG02355	R9	dorado_late	HG02355-ONT-hg38-R9-LSK110-dorado082_sup_5mCG_v33
HG02356	R10	dorado_late	HG02356-ONT-hg38-R10-LSK114-dorado090_sup_5mCG_5hmCG_v500
HG02360	R9	dorado_mid	HG02360-ONT-hg38-R9-LSK110-dorado050_sup_with5mC
HG02373	R9	guppy	HG02373-ONT-hg38-R9-LSK110-guppy-sup-5mC
HG02374	R10	dorado_late	HG02374-ONT-hg38-R10-LSK114-dorado090_sup_5mCG_5hmCG_v500
HG02379	R9	dorado_late	HG02379-ONT-hg38-R9-LSK110-dorado082_sup_5mCG_v33
HG02380	R10	dorado_late	HG02380-ONT-hg38-R10-LSK114-dorado090_sup_5mCG_5hmCG_v500
HG02385	R9	dorado_late	HG02385-ONT-hg38-R9-LSK110-dorado082_sup_5mCG_v33
HG02389	R9	guppy	HG02389-ONT-hg38-R9-LSK110-guppy-sup-5mC
HG02394	R10	dorado_late	HG02394-ONT-hg38-R10-LSK114-dorado090_sup_5mCG_5hmCG_v500
HG02396	R9	guppy	HG02396-ONT-hg38-R9-LSK110-guppy-sup-5mC
HG02409	R9	guppy	HG02409-ONT-hg38-R9-LSK110-guppy-sup-5mC
HG02425	R9	dorado_mid	HG02425-ONT-hg38-R9-LSK110_dorado050_sup_5mCG
HG02439	R9	dorado_mid	HG02439-ONT-hg38-R9-LSK110-dorado034_sup_5mCG_5hmCG_v33
HG02461	R9	dorado_mid	HG02461-ONT-hg38-R9-LSK110-dorado050_sup_5mCG_v33
HG02462	R9	dorado_late	HG02462-ONT-hg38-R9-LSK110-dorado096_sup_5mCG_v01
HG02464	R9	dorado_late	HG02464-ONT-hg38-R9-LSK110-dorado096_sup_5mCG_v01
HG02465	R9	dorado_mid	HG02465-ONT-hg38-R9-LSK110-dorado050_sup_5mCG_v33
HG02470	R10	dorado_late	HG02470-ONT-hg38-R10-LSK114-dorado090_sup_5mCG_5hmCG_v500
HG02471	R9	dorado_mid	HG02471-ONT-hg38-R9-LSK110-dorado034_sup_5mCG_5hmCG_v33
HG02479	R9	dorado_mid	HG02479-ONT-hg38-R9-LSK110-dorado050_sup_5mCG_v33
HG02484	R10	dorado_late	HG02484-ONT-hg38-R10-LSK114-dorado090_sup_5mCG_5hmCG_v500
HG02491	R9	guppy	HG02491-ONT-hg38-R9-LSK110-guppy657_sup_5mC_5hmC
HG02497	R9	dorado_mid	HG02497-ONT-hg38-R9-LSK110-dorado050_sup_5mCG_v33
HG02501	R9	dorado_mid	HG02501-ONT-hg38-R9-LSK110-dorado050_sup_5mCG_v33
HG02502	R9	guppy	HG02502-ONT-hg38-R9-LSK110-guppy-sup-5mC
HG02511	R9	dorado_mid	HG02511-ONT-hg38-R9-LSK110-dorado034_sup_5mCG_5hmCG_v33
HG02541	R9	dorado_mid	HG02541-ONT-hg38-R9-LSK110-dorado050_sup_with5mC
HG02549	R10	dorado_late	HG02549-ONT-hg38-R10-LSK114-dorado090_sup_5mCG_5hmCG_v500
HG02555	R10	dorado_late	HG02555-ONT-hg38-R10-LSK114-dorado090_sup_5mCG_5hmCG_v500
HG02570	R9	dorado_late	HG02570-ONT-hg38-R9-LSK110-dorado096_sup_5mCG_v01
HG02571	R9	dorado_mid	HG02571-ONT-hg38-R9-LSK110_dorado050_sup_5mCG
HG02594	R10	dorado_late	HG02594-ONT-hg38-R10-LSK114-dorado090_sup_5mCG_5hmCG_v500
HG02601	R10	dorado_late	HG02601-ONT-hg38-R10-LSK114-dorado090_sup_5mCG_5hmCG_v500
HG02613	R9	dorado_mid	HG02613-ONT-hg38-R9-LSK110-dorado050_sup_5mCG_v33
HG02614	R9	guppy	HG02614-ONT-hg38-R9-LSK110-guppy-sup-5hmc_5mc_cg
HG02623	R9	dorado_other	HG02623-ONT-hg38-R9-LSK110-orado050_sup_5mCG_v33
HG02624	R9	dorado_mid	HG02624-ONT-hg38-R9-LSK110-dorado050_sup_5mCG_v33
HG02645	R9	dorado_mid	HG02645-ONT-hg38-R9-LSK110-dorado050_sup_5mCG_v33
HG02646	R9	dorado_mid	HG02646-ONT-hg38-R9-LSK110-dorado050_sup_5mCG_v33
HG02675	R9	dorado_mid	HG02675-ONT-hg38-R9-LSK110-dorado050_sup_5mCG_v33
HG02694	R9	guppy	HG02694-ONT-hg38-R9-LSK110-guppy-sup-5hmc_5mc_cg
HG02731	R9	guppy	HG02731-ONT-hg38-R9-LSK110-guppy-sup-5hmc_5mc_cg
HG02759	R9	dorado_mid	HG02759-ONT-hg38-R9-LSK110-dorado050_sup_5mCG_v33
HG02763	R10	dorado_late	HG02763-ONT-hg38-R10-LSK114-dorado082_sup_5mCG_5hmCG
HG02772	R10	dorado_late	HG02772-ONT-hg38-R10-LSK114-dorado082_sup_5mCG_5hmCG
HG02780	R10	dorado_late	HG02780-ONT-hg38-R10-LSK114-dorado090_sup_5mCG_5hmCG_v500
HG02798	R9	dorado_late	HG02798-ONT-hg38-R9-LSK110-dorado082_sup_5mCG_v33
HG02808	R9	dorado_late	HG02808-ONT-hg38-R9-LSK110-dorado082_sup_5mCG_v33
HG02810	R10	dorado_late	HG02810-ONT-hg38-R10-LSK114-dorado082_sup_5mCG_5hmCG_v500
HG02811	R9	dorado_mid	HG02811-ONT-hg38-R9-LSK110-dorado050_sup_5mCG_v33
HG02816	R9	dorado_late	HG02816-ONT-hg38-R9-LSK110-dorado082_sup_5mCG_v33
HG02817	R9	guppy	HG02817-ONT-hg38-R9-LSK110-guppy-sup-5mC
HG02819	R10	dorado_late	HG02819-ONT-hg38-R10-LSK114-dorado090_sup_5mCG_5hmCG_v500
HG02820	R9	dorado_mid	HG02820-ONT-hg38-R9-LSK110_dorado050_sup_5mCG
HG02837	R10	dorado_late	HG02837-ONT-hg38-R10-LSK114-dorado081_sup_5mCG_5hmCG
HG02840	R10	dorado_late	HG02840-ONT-hg38-R10-LSK114-dorado090_sup_5mCG_5hmCG_v500
HG02852	R10	dorado_late	HG02852-ONT-hg38-R10-LSK114-dorado082_sup_5mCG_5hmCG_v500
HG02854	R10	dorado_late	HG02854-ONT-hg38-R10-LSK114-dorado081_sup_5mCG_5hmCG
HG02860	R10	dorado_late	HG02860-ONT-hg38-R10-LSK114-dorado090_sup_5mCG_5hmCG_v500
HG02861	R10	dorado_late	HG02861-ONT-hg38-R10-LSK114-dorado082_sup_5mCG_5hmCG
HG02884	R10	dorado_late	HG02884-ONT-hg38-R10-LSK114-dorado082_sup_5mCG_5hmCG
HG02885	R10	dorado_late	HG02885-ONT-hg38-R10-LSK114-dorado082_sup_5mCG_5hmCG
HG02887	R10	dorado_late	HG02887-ONT-hg38-R10-LSK114-dorado082_sup_5mCG_5hmCG
HG02891	R10	dorado_late	HG02891-ONT-hg38-R10-LSK114-dorado082_sup_5mCG_5hmCG
HG02923	R9	dorado_late	HG02923-ONT-hg38-R9-LSK110-dorado082_sup_5mCG_v33
HG02952	R10	dorado_late	HG02952-ONT-hg38-R10-LSK114-dorado082_sup_5mCG_5hmCG
HG02968	R10	dorado_late	HG02968-ONT-hg38-R10-LSK114-dorado082_sup_5mCG_5hmCG
HG02973	R9	dorado_late	HG02973-ONT-hg38-R9-LSK110-dorado082_sup_5mCG_v33
HG02974	R9	guppy	HG02974-ONT-hg38-R9-LSK110-guppy-sup-5hmc_5mc_cg
HG02977	R10	dorado_late	HG02977-ONT-hg38-R10-LSK114-dorado082_sup_5mCG_5hmCG
HG02979	R9	guppy	HG02979-ONT-hg38-R9-LSK110-guppy-sup-5hmc_5mc_cg
HG02981	R9	dorado_mid	HG02981-ONT-hg38-R9-LSK110-dorado034_sup_5mCG_5hmCG_v33
HG03009	R10	dorado_late	HG03009-ONT-hg38-R10-LSK114-dorado081_sup_5mCG_5hmCG_v500
HG03018	R10	dorado_late	HG03018-ONT-hg38-LSK114-R10-dorado081_sup_5mCG_5hmCG_v500
HG03022	R9	guppy	HG03022-ONT-hg38-R9-LSK110-guppy-sup-5mC
HG03027	R10	dorado_late	HG03027-ONT-hg38-R10-LSK114-dorado090_sup_5mCG_5hmCG_v500
HG03045	R10	dorado_late	HG03045-ONT-hg38-R10-LSK114-dorado090_sup_5mCG_5hmCG_v500
HG03055	R10	dorado_late	HG03055-ONT-hg38-R10-LSK114-dorado090_sup_5mCG_5hmCG_v500
HG03057	R9	dorado_mid	HG03057-ONT-hg38-R9-LSK110-dorado050_sup_with5mC
HG03064	R9	guppy	HG03064-ONT-hg38-R9-LSK110-guppy637_sup_5mC_5hmC
HG03066	R10	dorado_late	HG03066-ONT-hg38-R10-LSK114-dorado090_sup_5mCG_5hmCG_v500
HG03069	R9	guppy	HG03069-ONT-hg38-R9-LSK110-guppy-sup-5mC
HG03072	R9	dorado_late	HG03072-ONT-hg38-R9-LSK110-dorado082_sup_5mCG_v33
HG03079	R10	dorado_late	HG03079-ONT-hg38-R10-LSK114-dorado090_sup_5mCG_5hmCG_v500
HG03084	R9	dorado_mid	HG03084-ONT-hg38-R9-LSK110_dorado050_sup_5mCG
HG03086	R9	dorado_mid	HG03086-ONT-hg38-R9-LSK110-dorado050_sup_5mCG_v33
HG03099	R10	dorado_late	HG03099-ONT-hg38-R10-LSK114-dorado090_sup_5mCG_5hmCG_v500
HG03118	R10	dorado_late	HG03118-ONT-hg38-R10-LSK114_dorado081_sup_5mCG_5hmCG_v500
HG03120	R9	guppy	HG03120-ONT-hg38-R9-LSK110-guppy-sup-5hmc_5mc_cg
HG03121	R9	guppy	HG03121-ONT-hg38-R9-LSK110-guppy-sup-5hmc_5mc_cg
HG03123	R10	dorado_late	HG03123-ONT-hg38-R10-LSK114-dorado090_sup_5mCG_5hmCG_v500
HG03129	R10	dorado_late	HG03129-ONT-hg38-R10-LSK114-dorado090_sup_5mCG_5hmCG_v500
HG03157	R10	dorado_late	HG03157-ONT-hg38-R10-LSK114-dorado081_sup_5mCG_5hmCG_v500
HG03160	R10	dorado_late	HG03160-ONT-hg38-R10-LSK114-dorado082_sup_5mCG_5hmCG
HG03166	R10	dorado_late	HG03166-ONT-hg38-R10-LSK114-dorado082_sup_5mCG_5hmCG
HG03168	R9	guppy	HG03168-ONT-hg38-R9-LSK110-guppy-sup-5hmc_5mc_cg
HG03169	R9	dorado_late	HG03169-ONT-hg38-R9-LSK110-dorado096_sup_5mCG_v01
HG03196	R9	dorado_mid	HG03196-ONT-hg38-R9-LSK110-dorado050_sup_5mCG_v33
HG03212	R9	guppy	HG03212-ONT-hg38-R9-LSK110-guppy657_sup_with5mC_5hmC
HG03224	R10	dorado_late	HG03224-ONT-hg38-R10-LSK114-dorado081_sup_5mCG_5hmCG_v500
HG03279	R9	guppy	HG03279-ONT-hg38-R9-LSK110-guppy-sup-5mC
HG03280	R9	dorado_mid	HG03280-ONT-hg38-R9-LSK110-dorado050_sup_5mCG_v33
HG03297	R9	dorado_late	HG03297-ONT-hg38-R9-LSK110-dorado082_sup_5mCG
HG03298	R9	dorado_mid	HG03298-ONT-hg38-R9-LSK110-dorado050_sup_5mCG_v33
HG03351	R9	dorado_late	HG03351-ONT-hg38-R9-LSK110-dorado082_sup_5mCG
HG03352	R10	dorado_late	HG03352-ONT-hg38-R10-LSK114-dorado082_sup_5mCG_5hmCG
HG03354	R9	guppy	HG03354-ONT-hg38-R9-LSK110-guppy637_sup_5mC_5hmC
HG03366	R9	dorado_mid	HG03366-ONT-hg38-R9-LSK110-dorado034_sup_5mCG_5hmCG_v33
HG03367	R10	dorado_late	HG03367-ONT-hg38-R10-LSK114-dorado082_sup_5mCG_5hmCG
HG03369	R9	guppy	HG03369-ONT-hg38-R9-LSK110-guppy657_sup_5mC_5hmC
HG03370	R9	guppy	HG03370-ONT-hg38-R9-LSK110-guppy657_sup_5mC_5hmC
HG03376	R9	dorado_late	HG03376-ONT-hg38-R9-LSK110-dorado082_sup_5mCG_v33
HG03378	R9	dorado_late	HG03378-ONT-hg38-R9-LSK110-dorado082_sup_5mCG_v33
HG03382	R10	dorado_late	HG03382-ONT-hg38-R10-LSK114-dorado081_sup_5mCG_5hmCG_v500
HG03385	R10	dorado_late	HG03385-ONT-hg38-R10-LSK114-dorado090_sup_5mCG_5hmCG_v500
HG03391	R9	guppy	HG03391-ONT-hg38-R9-LSK110-guppy657_sup_5mC_5hmC
HG03401	R9	dorado_mid	HG03401-ONT-hg38-R9-LSK110-dorado034_sup_5mCG_5hmCG_v33
HG03433	R10	dorado_late	HG03433-ONT-hg38-R10-LSK114-dorado082_sup_5mCG_5hmCG_v500
HG03436	R10	dorado_late	HG03436-ONT-hg38-R10-LSK114-dorado082_sup_5mCG_5hmCG
HG03437	R9	guppy	HG03437-ONT-hg38-R9-LSK110-guppy657_sup_with5mC_5hmC
HG03445	R9	guppy	HG03445-ONT-hg38-R9-LSK110-guppy657_sup_with5mC_5hmC
HG03460	R9	dorado_mid	HG03460-ONT-hg38-R9-LSK110-dorado050_sup_with5mC
HG03464	R10	dorado_late	HG03464-ONT-hg38-R10-LSK114-dorado090_sup_5mCG_5hmCG_v500
HG03472	R10	dorado_late	HG03472-ONT-hg38-R10-LSK114-dorado090_sup_5mCG_5hmCG_v500
HG03478	R10	dorado_late	HG03478-ONT-hg38-R10-LSK114_dorado081_sup_5mCG_5hmCG_v500
HG03479	R9	dorado_mid	HG03479-ONT-hg38-R9-LSK110-dorado034_sup_5mCG_5hmCG_v33
HG03499	R9	guppy	HG03499-ONT-hg38-R9-LSK110-guppy-sup-5hmc_5mc_cg
HG03514	R10	dorado_late	HG03514-ONT-hg38-R10-LSK114-dorado090_sup_5mCG_5hmCG_v500
HG03538	R10	dorado_late	HG03538-ONT-hg38-R10-LSK114-dorado090_sup_5mCG_5hmCG_v500
HG03548	R9	guppy	HG03548-ONT-hg38-R9-LSK110-guppy-sup-5mC
HG03557	R9	dorado_late	HG03557-ONT-hg38-R9-LSK110-dorado082_sup_5mCG_v33
HG03563	R9	guppy	HG03563-ONT-hg38-R9-LSK110-guppy-sup-5mC
HG03571	R9	guppy	HG03571-ONT-hg38-R9-LSK110-guppy-sup-5mC
HG03572	R9	guppy	HG03572-ONT-hg38-R9-LSK110-guppy657_sup_with5mC_5hmC
HG03575	R10	dorado_late	HG03575-ONT-hg38-R10-LSK114-dorado082_sup_5mCG_5hmCG
HG03583	R10	dorado_late	HG03583-ONT-hg38-R10-LSK114-dorado082_sup_5mCG_5hmCG
HG03603	R10	dorado_late	HG03603-ONT-hg38-R10-LSK114-dorado090_sup_5mCG_5hmCG_v500
HG03611	R9	dorado_mid	HG03611-ONT-hg38-R9-LSK110-dorado050_sup_5mCG_v33
HG03616	R9	dorado_mid	HG03616-ONT-hg38-R9-LSK110-dorado050_sup_5mCG_v33
HG03629	R10	dorado_late	HG03629-ONT-hg38-R10-LSK114-dorado082_sup_5mCG_5hmCG
HG03631	R9	guppy	HG03631-ONT-hg38-R9-LSK110-guppy-sup-5hmc_5mc_cg
HG03643	R9	guppy	HG03643-ONT-hg38-R9-LSK110-guppy-sup-5mC
HG03646	R9	guppy	HG03646-ONT-hg38-R9-LSK110-guppy-sup-5mC
HG03663	R10	dorado_late	HG03663-ONT-hg38-R10-LSK114-dorado082_sup_5mCG_5hmCG_v500
HG03667	R10	dorado_late	HG03667-ONT-hg38-R10-LSK114-dorado090_sup_5mCG_5hmCG_v500
HG03668	R9	guppy	HG03668-ONT-hg38-R9-LSK110-guppy-sup-5mC
HG03680	R10	dorado_late	HG03680-ONT-hg38-R10-LSK114-dorado090_sup_5mCG_5hmCG_v500
HG03685	R10	dorado_late	HG03685-ONT-hg38-R10-LSK114-dorado090_sup_5mCG_5hmCG_v500
HG03692	R9	dorado_mid	HG03692-ONT-hg38-R9-LSK110-dorado034_sup_5mCG_5hmCG_v33
HG03693	R10	dorado_late	HG03693-ONT-hg38-R10-LSK114-dorado090_sup_5mCG_5hmCG_v500
HG03694	R10	dorado_late	HG03694-ONT-hg38-R10-LSK114-dorado082_sup_5mCG_5hmCG
HG03698	R10	dorado_late	HG03698-ONT-hg38-R10-LSK114-dorado096_sup_5mCG_5hmCG_v500
HG03717	R9	guppy	HG03717-ONT-hg38-R9-LSK110-guppy-sup-5mC
HG03720	R10	dorado_late	HG03720-ONT-hg38-R10-LSK114-dorado090_sup_5mCG_5hmCG_v500
HG03731	R9	guppy	HG03731-ONT-hg38-R9-LSK110-guppy-sup-5mC
HG03733	R10	dorado_late	HG03733-ONT-hg38-R10-LSK114-dorado082_sup_5mCG_5hmCG_v500
HG03736	R9	dorado_mid	HG03736-ONT-hg38-R9-LSK110-dorado034_sup_5mCG_5hmCG_v33
HG03743	R10	dorado_late	HG03743-ONT-hg38-R10-LSK114-dorado081_sup_5mCG_5hmCG
HG03744	R9	guppy	HG03744-ONT-hg38-R9-LSK110-guppy-sup-5mC
HG03745	R10	dorado_late	HG03745-ONT-hg38-R10-LSK114-dorado082_sup_5mCG_5hmCG
HG03752	R10	dorado_late	HG03752-ONT-hg38-R10-LSK114-dorado082_sup_5mCG_5hmCG
HG03755	R10	dorado_late	HG03755-ONT-hg38-R10-LSK114-dorado082_sup_5mCG_5hmCG
HG03757	R10	dorado_late	HG03757-ONT-hg38-R10-LSK114-dorado090_sup_5mCG_5hmCG_v500
HG03770	R9	guppy	HG03770-ONT-hg38-R9-LSK110-guppy-sup-5mC
HG03772	R10	dorado_late	HG03772-ONT-hg38-R10-LSK114-dorado082_sup_5mCG_5hmCG
HG03774	R9	guppy	HG03774-ONT-hg38-R9-LSK110-guppy-sup-5mC
HG03779	R10	dorado_late	HG03779-ONT-hg38-R10-LSK114-dorado082_sup_5mCG_5hmCG_v500
HG03787	R10	dorado_late	HG03787-ONT-hg38-R10-LSK114-dorado081_sup_5mCG_5hmCG
HG03788	R10	dorado_late	HG03788-ONT-hg38-R10-LSK114-dorado081_sup_5mCG_5hmCG_v500
HG03808	R10	dorado_late	HG03808-ONT-hg38-R10-LSK114-dorado090_sup_5mCG_5hmCG_v500
HG03814	R9	guppy	HG03814-ONT-hg38-R9-LSK110-guppy-sup-5mC
HG03815	R10	dorado_late	HG03815-ONT-hg38-R10-LSK114-dorado081_sup_5mCG_5hmCG_v500
HG03826	R9	dorado_mid	HG03826-ONT-hg38-R9-LSK110-dorado034_sup_5mCG_5hmCG_v33
HG03849	R10	dorado_late	HG03849-ONT-hg38-R10-LSK114-dorado081_sup_5mCG_5hmCG_v500
HG03851	R10	dorado_late	HG03851-ONT-hg38-R10-LSK114-dorado090_sup_5mCG_5hmCG_v500
HG03857	R9	dorado_mid	HG03857-ONT-hg38-R9-LSK110-dorado034_sup_5mCG_5hmCG_v33
HG03858	R9	guppy	HG03858-ONT-hg38-R9-LSK110-guppy657_sup_with5mC_5hmC
HG03861	R9	guppy	HG03861-ONT-hg38-R9-LSK110-guppy-sup-5hmc_5mc_cg
HG03864	R9	guppy	HG03864-ONT-hg38-R9-LSK110-guppy-sup-5mC
HG03866	R10	dorado_late	HG03866-ONT-hg38-R10-LSK114-dorado090_sup_5mCG_5hmCG_v500
HG03868	R9	guppy	HG03868-ONT-hg38-R9-LSK110-guppy-sup-5mC
HG03875	R10	dorado_late	HG03875-ONT-hg38-R10-LSK114-dorado082_sup_5mCG_5hmCG_v500
HG03884	R10	dorado_late	HG03884-ONT-hg38-R10-LSK114-dorado081_sup_5mCG_5hmCG_v500
HG03887	R10	dorado_late	HG03887-ONT-hg38-R10-LSK114-dorado081_sup_5mCG_5hmCG_v500
HG03897	R9	dorado_mid	HG03897-ONT-hg38-R9-LSK110-dorado050_sup_5mCG_v33
HG03898	R9	guppy	HG03898-ONT-hg38-R9-LSK110-guppy-sup-5hmc_5mc_cg
HG03902	R10	dorado_late	HG03902-ONT-hg38-R10-LSK114-dorado081_sup_5mCG_5hmCG_v500
HG03910	R9	guppy	HG03910-ONT-hg38-R9-LSK110-guppy637_sup_5mC_5hmC
HG03911	R10	dorado_late	HG03911-ONT-hg38-R10-LSK114-dorado081_sup_5mCG_5hmCG_v500
HG03919	R9	guppy	HG03919-ONT-hg38-R9-LSK110-guppy-sup-5mC
HG03920	R10	dorado_late	HG03920-ONT-hg38-R10-LSK114-dorado081_sup_5mCG_5hmCG_v500
HG03934	R9	dorado_mid	HG03934-ONT-hg38-R9-LSK110-dorado050_sup_5mCG_v33
HG03945	R10	dorado_late	HG03945-ONT-hg38-R10-LSK114-dorado090_sup_5mCG_5hmCG_v500
HG03953	R10	dorado_late	HG03953-ONT-hg38-R10-LSK114-dorado090_sup_5mCG_5hmCG_v500
HG03960	R10	dorado_late	HG03960-ONT-hg38-R10-LSK114-dorado090_sup_5mCG_5hmCG_v500
HG03971	R9	guppy	HG03971-ONT-hg38-R9-LSK110-guppy-sup-5mC
HG03989	R9	dorado_mid	HG03989-ONT-hg38-R9-LSK110-dorado050_sup_5mCG_v33
HG03991	R10	dorado_late	HG03991-ONT-hg38-R10-LSK114-dorado081_sup_5mCG_5hmCG_v500
HG03995	R9	dorado_mid	HG03995-ONT-hg38-R9-LSK110-dorado050_sup_5mCG_v33
HG03998	R10	dorado_late	HG03998-ONT-hg38-R10-LSK114-dorado082_sup_5mCG_5hmCG_v500
HG04001	R10	dorado_late	HG04001-ONT-hg38-R10-LSK114-dorado081_sup_5mCG_5hmCG_v500
HG04002	R10	dorado_late	HG04002-ONT-hg38-R10-LSK114-dorado090_sup_5mCG_5hmCG_v500
HG04019	R10	dorado_late	HG04019-ONT-hg38-R10-LSK114-dorado081_sup_5mCG_5hmCG_v500
HG04026	R10	dorado_late	HG04026-ONT-hg38-R10-LSK114-dorado081_sup_5mCG_5hmCG_v500
HG04033	R10	dorado_late	HG04033-ONT-hg38-R10-LSK114-dorado082_sup_5mCG_5hmCG_v500
HG04038	R10	dorado_late	HG04038-ONT-hg38-R10-LSK114-dorado090_sup_5mCG_5hmCG_v500
HG04047	R10	dorado_late	HG04047-ONT-hg38-R10-LSK114-dorado081_sup_5mCG_5hmCG
HG04054	R9	guppy	HG04054-ONT-hg38-R9-LSK110-guppy-sup-5hmc_5mc_cg
HG04056	R10	dorado_late	HG04056-ONT-hg38-R10-LSK114-dorado082_sup_5mCG_5hmCG_v500
HG04061	R10	dorado_late	HG04061-ONT-hg38-R10-LSK114-dorado081_sup_5mCG_5hmCG
HG04063	R9	guppy	HG04063-ONT-hg38-R9-LSK110-guppy-sup-5mC
HG04076	R10	dorado_late	HG04076-ONT-hg38-R10-LSK114-dorado081_sup_5mCG_5hmCG
HG04094	R10	dorado_late	HG04094-ONT-hg38-R10-LSK114-dorado082_sup_5mCG_5hmCG_v500
HG04107	R10	dorado_late	HG04107-ONT-hg38-R10-LSK114-dorado081_sup_5mCG_5hmCG_v500
HG04153	R9	dorado_mid	HG04153-ONT-hg38-R9-LSK110-dorado050_sup_5mCG_v33
HG04161	R10	dorado_late	HG04161-ONT-hg38-R10-LSK114-dorado090_sup_5mCG_5hmCG_v500
HG04164	R10	dorado_late	HG04164-ONT-hg38-R10-LSK114-dorado090_sup_5mCG_5hmCG_v500
HG04171	R9	dorado_mid	HG04171-ONT-hg38-R9-LSK110-dorado050_sup_with5mC
HG04176	R10	dorado_late	HG04176-ONT-hg38-R10-LSK114-dorado082_sup_5mCG_5hmCG_v500
HG04189	R9	dorado_mid	HG04189-ONT-hg38-R9-LSK110-dorado034_sup_5mCG_5hmCG_v33
HG04202	R10	dorado_late	HG04202-ONT-hg38-R10-LSK114-dorado090_sup_5mCG_5hmCG_v500
HG04209	R10	dorado_late	HG04209-ONT-hg38-R10-LSK114-dorado090_sup_5mCG_5hmCG_v500
HG04211	R10	dorado_late	HG04211-ONT-hg38-R10-LSK114-dorado090_sup_5mCG_5hmCG_v500
HG04212	R10	dorado_late	HG04212-ONT-hg38-R10-LSK114-dorado090_sup_5mCG_5hmCG_v500
HG04214	R10	dorado_late	HG04214-ONT-hg38-R10-LSK114-dorado090_sup_5mCG_5hmCG_v500
HG04216	R9	guppy	HG04216-ONT-hg38-R9-LSK110-guppy-sup-5mC
HG04235	R10	dorado_late	HG04235-ONT-hg38-R10-LSK114-dorado090_sup_5mCG_5hmCG_v500
HG04239	R10	dorado_late	HG04239-ONT-hg38-R10-LSK114-dorado090_sup_5mCG_5hmCG_v500
